id_lieu,adresse,ville
1,Apt 1109,Lille
2,PO Box 25051,Salamo
3,Apt 1010,Lille
4,Suite 82,Lille
5,13th Floor,East Hampton
6,Suite 99,Ogdensburg
7,Apt 1180,"Taytay Airport, Sandoval Airport"
8,9th Floor,Carmelita
9,19th Floor,Jember
10,PO Box 64171,Machu Pichu
11,PO Box 41476,Windsor
12,PO Box 51883,Lille
13,Room 1213,Igloolik
14,PO Box 85991,Toli Toli-Celebes Island
15,Apt 1887,Fayetteville
16,3rd Floor,Petrolina
17,16th Floor,Wallis Island
18,Apt 1700,Fortaleza
19,7th Floor,Corcoran
20,Room 1077,Manzini
21,PO Box 86455,Lille
22,19th Floor,Manila
23,PO Box 58276,Bavannur
24,Apt 1861,Vila Bela Da Santíssima Trindade
25,8th Floor,Bannu
26,19th Floor,Sheboygan
27,Suite 95,Sepik Plains
28,Apt 469,Sungei Tekai
29,PO Box 83425,Rio Dulce
30,Room 1217,Homer
31,PO Box 95962,Bundaberg
32,Room 1086,Chipinge
33,13th Floor,Lille
34,Suite 62,Lille
35,Room 1142,Houston
36,Suite 63,Tok
37,Apt 1697,Beni Mellal
38,Suite 85,Caleta Olivia
39,PO Box 10322,Roundup
40,Apt 1766,Leron Plains
41,Suite 97,Nogales
42,Room 1309,Camp Roberts/San Miguel
43,PO Box 85141,N'Gaoundéré
44,Apt 1205,Mobile
45,Room 616,Puerto Peñasco
46,15th Floor,Lille
47,Apt 1885,Ardabil
48,Apt 1225,Caçador
49,1st Floor,Matão
50,PO Box 23629,Peppimenarti
51,13th Floor,Kiruna
52,Suite 24,Castries
53,8th Floor,Mulia-Papua Island
54,Room 171,Chichester
55,1st Floor,Castlebar
56,Suite 62,Lübeck
57,Apt 1647,London
58,Room 1528,Valledupar
59,Suite 83,Mariposa
60,PO Box 34966,Gerald's Park
61,Suite 39,Mysore
62,PO Box 55179,Christiansted St Croix
63,Apt 528,Monflorite/Alcalá del Obispo
64,PO Box 1240,Barquisimeto
65,Room 280,Douglas
66,Room 1362,Kasonombe
67,Suite 73,Gamètì
68,PO Box 56460,Manokwari-Papua Island
69,Apt 1434,Mekane Selam
70,Apt 780,Sesheke
71,Apt 670,Conceição Das Alagoas
72,Apt 658,Greensboro
73,Suite 51,Turbat
74,Room 1811,Eek
75,Room 204,Basalt
76,Suite 49,Newport
77,Room 718,Awaradam
78,Apt 1211,Scottsdale
79,4th Floor,Ngawal
80,Apt 854,Maple Bay
81,Suite 54,Calexico
82,Apt 1302,Olyokminsk
83,Suite 53,Orsk
84,PO Box 38084,St Paul Island
85,Suite 73,Pskov
86,Apt 1122,Foya
87,Room 1016,Yevlakh
88,2nd Floor,Terrace
89,PO Box 7049,Lille
90,PO Box 10433,Stanley
91,Room 1671,Haiphong
92,PO Box 42575,American River
93,PO Box 12458,Lorient/Lann/Bihoué
94,Apt 21,Narrogin
95,14th Floor,Loralai
96,9th Floor,Wondoola
97,Apt 276,Naiu Atoll
98,Apt 336,Palacios
99,12th Floor,Hanalei
100,Apt 1345,Puerto Williams
101,Suite 90,San Pedro
102,PO Box 95602,Tanacross
103,Suite 10,Stronsay
104,PO Box 16682,Busan
105,Apt 1336,São José Do Rio Preto
106,Suite 89,Zhanjiang
107,Suite 77,Naqpur
108,Room 244,Uvol
109,PO Box 8874,Fairview
110,5th Floor,Lille
111,Suite 70,Lille
112,6th Floor,Viedma / Carmen de Patagones
113,6th Floor,Ürümqi
114,15th Floor,Baise
115,PO Box 86817,Aktyubinsk
116,PO Box 70942,Vienna
117,Suite 49,Bangda
118,10th Floor,Arujá
119,Suite 48,Merritt
120,Suite 36,Gooding
121,19th Floor,Yaoundé
122,9th Floor,Yalgoo
123,7th Floor,Blagoveschensk
124,PO Box 30642,Ilam
125,Suite 70,Koingnaas
126,Room 186,Mende
127,1st Floor,Tangier
128,11th Floor,Lille
129,PO Box 51682,Nankoku
130,PO Box 87834,Jakarta
131,PO Box 56859,Ruidoso
132,Suite 67,Alto Boa Vista
133,Room 898,Albert/Bray
134,Room 544,Prescott
135,Suite 46,Freetown
136,Room 90,Lille
137,PO Box 21945,Karimunjawa-Karimunjawa Island
138,Room 1094,The Valley
139,PO Box 48166,Sandusky
140,Apt 762,Xichang
141,Room 490,
142,Suite 8,Dubai
143,Apt 1416,Dubai
144,Room 177,Matthews Ridge
145,PO Box 8785,
146,PO Box 60010,Warroad
147,PO Box 86803,Sand Island
148,Room 1377,Kiffa
149,Suite 81,Bingöl
150,PO Box 93029,Ciudad Obregón
151,PO Box 5868,Larisa
152,14th Floor,Kitchener
153,PO Box 11782,Urmia
154,Suite 24,Dorado
155,PO Box 20375,Wilmington
156,16th Floor,Ouahigouya
157,PO Box 49418,Port Hedland
158,11th Floor,Block Island
159,PO Box 25826,Brava Island
160,PO Box 97309,Rockhampton Downs
161,Apt 597,Dorunda Outstation
162,17th Floor,Batom-Papua Island
163,Apt 798,Quito
164,Room 1637,El Cairo
165,20th Floor,Wondoola
166,Room 865,Shakhtersk
167,16th Floor,Kingston
168,PO Box 2065,Oroville
169,PO Box 72025,Key Largo
170,Apt 136,Chilas
171,Suite 78,Salto
172,Suite 15,Fonte Boa
173,Room 1708,Summer Beaver
174,Room 347,Craig
175,Room 689,Williston
176,18th Floor,Røros
177,Suite 10,Hermit Islands
178,Room 495,Marina
179,Apt 1307,Centenário Do Sul
180,Room 723,Ashgabat
181,PO Box 3065,Bozeman
182,Suite 69,Nashua
183,13th Floor,Newtok
184,Room 697,Stewart
185,1st Floor,Västervik
186,2nd Floor,Barcaldine
187,14th Floor,Bajura
188,Apt 104,Mexico
189,Apt 920,Farmington
190,Room 1684,Belmullet
191,PO Box 20304,Kashgar
192,13th Floor,Clearwater
193,Suite 96,
194,Suite 1,Kupiano
195,Room 101,Sand Island
196,Room 785,Lae
197,Apt 1971,
198,PO Box 15860,Mungeranie
199,PO Box 63962,Rapid City
200,Room 378,Fort Leavenworth
201,5th Floor,Nulato
202,PO Box 76604,Feira De Santana
203,Suite 85,Huntington
204,Room 29,Los Angeles
205,Suite 57,Huntington
206,Room 15,Rome
207,PO Box 73639,Koyukuk
208,Suite 2,Chapleau
209,Suite 14,Northampton
210,Room 1697,Windarling Mine
211,7th Floor,Ufa
212,PO Box 58887,
213,Apt 941,Fredericton
214,Suite 75,
215,14th Floor,Tyonek
216,11th Floor,Castres/Mazamet
217,10th Floor,Crossville
218,Room 1019,San Juan
219,8th Floor,Island Lake
220,Room 1124,Daporijo
221,5th Floor,Cincinnati
222,19th Floor,Abu Dhabi
223,Apt 121,Aniak
224,Suite 80,Eureka
225,Apt 1841,
226,PO Box 33076,Kasaba Bay
227,Suite 5,
228,PO Box 93670,
229,Apt 761,Namane
230,Apt 1670,Žabljak Airport
231,Suite 40,Nutwood Downs
232,PO Box 95680,São Joaquim Da Barra
233,10th Floor,Grayling
234,Room 1935,Sogndal
235,4th Floor,Makokou
236,Room 456,Dushanbe
237,16th Floor,Feramin
238,Suite 33,Masalembo Island
239,Room 1244,Greeley
240,15th Floor,
241,Room 802,Grand Island
242,Apt 659,Oakland
243,Suite 31,Colón
244,Apt 108,Asheville
245,15th Floor,Namudi
246,PO Box 32711,Nikolai
247,Apt 1253,Ponce
248,Room 1409,Dawson Creek
249,1st Floor,Kalaupapa
250,Room 613,
251,Apt 677,Turbat
252,PO Box 95564,São Mateus
253,Room 209,Vopnafjörður
254,Room 1667,Arraias
255,Suite 14,"Chuja, Hach’uja-do (Chujado Islands)"
256,13th Floor,Yongai
257,Suite 47,Tikchik
258,Suite 55,Dongying
259,PO Box 31823,Ta’if
260,Room 465,Webequie
261,3rd Floor,Bahir Dar
262,PO Box 12111,Cat Lake
263,16th Floor,Mong Tong
264,Suite 8,Carlisle
265,Room 58,Wondoola
266,Apt 1330,Nyurba
267,Apt 1289,Bodø
268,14th Floor,Bauru
269,14th Floor,Ioannina
270,Suite 49,Maastricht
271,16th Floor,
272,PO Box 53037,Wiseman
273,18th Floor,Vila Franca de Xira
274,Suite 9,Cauquira
275,Apt 46,Easton
276,PO Box 28260,Roboré
277,10th Floor,Bird Island
278,Apt 806,Kitakyūshū
279,Suite 3,The Dalles
280,PO Box 73384,Pendleton
281,16th Floor,Anshan
282,Apt 763,
283,Room 1704,Cherbourg/Maupertus
284,Apt 1575,
285,Room 916,Kalaupapa
286,Suite 53,Caçapava Do Sul
287,PO Box 49031,
288,8th Floor,"Chuja, Hach’uja-do (Chujado Islands)"
289,Room 744,Sandstone
290,Apt 332,
291,Suite 54,Colonia Catriel
292,PO Box 37568,Marmul
293,PO Box 40142,Solano
294,Apt 1693,Sikasso
295,Suite 36,Nikolayevsk-na-Amure Airport
296,PO Box 45868,Campbell River
297,Room 602,Meyers Chuck
298,Apt 1169,Atyrau
299,Apt 1864,Deer Lake
300,Suite 38,Porto De Moz
301,Apt 1728,Kotlik
302,PO Box 30959,Busan
303,Suite 26,
304,Suite 64,Little Grand Rapids
305,9th Floor,Cañon City
306,9th Floor,Alexandria
307,Room 1274,Beloretsk
308,PO Box 39066,Ali-Sabieh
309,Apt 1787,Arboletes
310,5th Floor,Long Akah
311,PO Box 78910,San Juan Del César
312,PO Box 80294,Castellón de la Plana
313,PO Box 48232,Eisenach
314,PO Box 18898,
315,Suite 54,Kanpur
316,PO Box 81526,Gordon Downs
317,Room 1067,Panjgur
318,Apt 1052,Seosan
319,12th Floor,Toledo
320,Room 161,Taipei City
321,PO Box 88829,Belgorod
322,Suite 95,Hilton Head Island
323,Room 379,Tver
324,Suite 21,Prince Patrick Is.
325,17th Floor,Port Alexander
326,Apt 1257,Opuwa
327,Suite 29,
328,Apt 1735,Manta
329,13th Floor,Butaritari Atoll
330,Apt 1000,Karmøy
331,PO Box 89920,Fort Sill
332,Apt 1512,Nyagan
333,8th Floor,Aden
334,9th Floor,Idaho Falls
335,Suite 80,Oban
336,PO Box 16617,Kennett
337,8th Floor,Red Lake
338,Suite 23,Osijek
339,1st Floor,Tymovskoye
340,Suite 37,Bazhong
341,PO Box 42261,Cherrabah Homestead Resort
342,PO Box 25764,
343,Room 351,Kohat
344,PO Box 12035,Yining
345,Suite 10,Tulare
346,Room 1889,Bissau
347,Suite 7,Santa Cruz
348,PO Box 549,Valera
349,Room 616,
350,PO Box 20888,Xalapa
351,16th Floor,Parauapebas
352,Apt 1803,El Palomar
353,Suite 37,Phuket
354,Apt 1928,Nome
355,Room 1799,Leitre
356,PO Box 4417,Linares
357,Room 1057,Trincomalee
358,PO Box 59087,Karanambo
359,Suite 48,Valdosta
360,Room 1627,Sept-Îles
361,Room 1653,Yaviza
362,PO Box 82715,
363,Suite 34,Ilimanaq
364,Room 87,Helsinki
365,Room 1954,Bembridge
366,Suite 66,
367,Apt 430,Sehwan Sharif
368,Apt 1240,Lucas do Rio Verde
369,Room 1201,Rokeby
370,12th Floor,Olavarria
371,14th Floor,Rosario
372,Suite 45,Newport
373,Apt 119,Regina
374,Suite 66,Washington
375,Room 901,
376,Suite 1,Yellowknife
377,Apt 1481,Zuwara
378,Apt 91,Port Mathurin
379,Room 1181,Galena
380,11th Floor,San Vicente Del Caguán
381,Apt 1518,Avignon/Caumont
382,Room 487,Agen/La Garenne
383,19th Floor,
384,Suite 57,Port Harcourt
385,PO Box 14943,Bursa
386,8th Floor,Houston
387,PO Box 77266,Chinguetti
388,Suite 97,Shiraz
389,Room 259,Saravane
390,Apt 1323,Siena
391,13th Floor,Manti
392,Apt 1549,São Tomé
393,17th Floor,
394,Apt 173,Battle Creek
395,Apt 288,Baramita
396,PO Box 11621,Nouakchott
397,Apt 1722,
398,12th Floor,Puerto Cabezas
399,8th Floor,Chibougamau
400,Apt 189,
401,Room 101,Las Tunas
402,1st Floor,Astypalaia Island
403,Room 300,Pindiu
404,PO Box 53867,London
405,PO Box 40584,Tuli Lodge
406,PO Box 67739,Xi'an
407,20th Floor,Barnaul
408,Room 258,Kangding
409,Apt 85,Cafunfo
410,Room 1687,Basseterre
411,Apt 756,Arlington
412,Apt 627,Buffalo Narrows
413,Suite 63,San Cristobal de las Casas
414,Apt 613,Pica
415,12th Floor,South Bend
416,PO Box 28099,
417,Room 585,Itaqui
418,8th Floor,Artigas
419,Suite 35,Monkey Mountain
420,Room 508,Algona
421,1st Floor,Frying Pan Island
422,Suite 76,Ramagundam
423,17th Floor,Rach Gia
424,Suite 2,Hudson Bay
425,Apt 949,São Sepé
426,Suite 38,Luhansk
427,Room 200,Faribault
428,Apt 1331,Norrköping
429,Suite 7,
430,PO Box 24418,Nanuya Lailai Island
431,Apt 15,Bedford
432,PO Box 40517,Cherepovets
433,PO Box 65436,Pilot Point
434,Suite 79,Garissa
435,Room 771,
436,Suite 20,Coral Harbour
437,Apt 236,Whale Pass
438,Apt 296,Skive
439,Suite 61,Biaru
440,Suite 62,Paranaíba
441,13th Floor,Botopasi
442,20th Floor,Clinton
443,Room 1560,Zintan
444,Apt 1795,Kalokol
445,5th Floor,Obock
446,Suite 38,Belo Horizonte
447,PO Box 36377,Wabo
448,18th Floor,Dili
449,PO Box 25109,Sorong-Papua Island
450,Apt 487,Hotan
451,Suite 4,Koingnaas
452,Suite 92,Kingston
453,Suite 1,Hermiston
454,Suite 86,Timbuktu
455,Apt 761,Villa Garzón
456,Suite 73,Jamestown
457,PO Box 45886,
458,1st Floor,Golovin
459,Room 190,
460,Room 1599,El Maiten
461,Apt 1363,Elim
462,PO Box 21631,Colonsay
463,PO Box 75475,Fort Rucker Ozark
464,16th Floor,Gunung Sitoli-Nias Island
465,Room 436,
466,13th Floor,Alto Boa Vista
467,Room 1656,Kikori
468,Suite 93,Thetford
469,Suite 10,Aqaba
470,Apt 1493,Namorik Atoll
471,Apt 443,Albert Lea
472,20th Floor,Conceição Das Alagoas
473,Room 889,Kokomo
474,Room 826,Mersing
475,Room 1392,Minamidaitō
476,PO Box 79677,Fishers Island
477,Suite 83,Manga Mission
478,PO Box 98152,Albert/Bray
479,Apt 621,Beigan Island
480,Suite 54,Kaunas
481,Suite 99,Garoua
482,Suite 78,Beijing
483,PO Box 59115,Roseau
484,PO Box 62351,Al-Bayda
485,Suite 36,
486,Room 47,Tiga
487,Room 1939,Pasni
488,PO Box 51523,Albian Village
489,5th Floor,Marudi
490,Apt 2000,Berbera
491,7th Floor,Yan'an
492,Room 1657,Atlantic
493,Apt 781,Isla Viveros
494,Apt 1896,Papeete
495,PO Box 6121,Pica
496,Room 504,Toksook Bay
497,Apt 1306,Nausori
498,Room 1149,Jefferson City
499,16th Floor,Bali
500,Room 1259,Cayenne / Rochambeau
501,PO Box 16903,White Sulphur Springs
502,17th Floor,Sharjah
503,Suite 42,Manistique
504,Suite 72,Middletown
505,Room 1013,Teptep
506,6th Floor,Memphis
507,Room 1151,
508,PO Box 88780,Saint-Georges-de-l'Oyapock Airport
509,Apt 801,Alice Springs
510,Suite 39,Perm
511,4th Floor,Arua
512,13th Floor,Tetebedi
513,11th Floor,Lake Havasu City
514,PO Box 96368,Salto
515,PO Box 12634,Jacareacanga
516,Suite 45,Keningau
517,PO Box 9321,Jefferson City
518,Suite 34,Mbala
519,PO Box 47742,Olpoi
520,PO Box 20513,Anaktuvuk Pass
521,Apt 580,Britton
522,19th Floor,Burgos
523,Room 868,L'Alpe d'Huez
524,4th Floor,Ariquemes
525,Suite 58,
526,1st Floor,Lakselv
527,Suite 93,Scammon Bay
528,Apt 480,La Güera
529,PO Box 3457,
530,Apt 1748,
531,PO Box 25792,
532,Room 1394,Daet
533,Suite 18,Marau
534,Suite 97,Kasikasima
535,4th Floor,Kikinonda
536,18th Floor,Doylestown
537,PO Box 43543,Guarujá
538,Apt 1868,Bordeaux/Mérignac
539,PO Box 85205,108 Mile
540,14th Floor,Al Thaurah
541,Room 253,Garbaharey
542,PO Box 87348,Grottaglie
543,PO Box 86055,Cascade Locks
544,Room 1869,Tobruk
545,8th Floor,Bemolanga
546,Suite 28,Dumai-Sumatra Island
547,13th Floor,Mysore
548,Apt 352,Foley
549,Suite 88,Overberg
550,Suite 58,El Palomar
551,Apt 1957,
552,Suite 63,La Rochelle/Île de Ré
553,Suite 56,Münster
554,11th Floor,
555,PO Box 39169,Banning
556,Room 1165,Chatham-Kent
557,Room 107,Fort Stockton
558,Room 1485,Beaufort
559,Room 306,Luderitz
560,1st Floor,Chi Mei
561,PO Box 12029,Lusaka
562,PO Box 33704,Oyem
563,Room 1025,Clarksville
564,PO Box 87296,Dortmund
565,Apt 920,Akjoujt
566,4th Floor,Tottori
567,Apt 1593,Tonghua
568,Apt 1602,Karonga
569,Suite 8,Frégate Island
570,18th Floor,Bazaruto Island
571,PO Box 29120,Santa Paula
572,8th Floor,
573,Suite 65,Rosella Plains
574,Apt 1052,Muko Muko-Sumatra Island
575,Apt 702,L'Aquila
576,Suite 10,Tulum
577,7th Floor,Chilas
578,Apt 1271,Philip
579,Room 383,Wad Medani
580,Room 1831,Monrovia
581,Room 827,Kinloss
582,4th Floor,Twentynine Palms
583,PO Box 21469,Bangui
584,Room 1646,Sapir
585,Room 946,
586,Suite 11,El Palomar
587,Apt 1889,Port Hedland
588,11th Floor,Leo
589,Suite 31,Saint-Georges-de-l'Oyapock Airport
590,Room 500,Kirov
591,Room 685,High Wycombe
592,Apt 1551,Newton
593,PO Box 76748,Mangla
594,Suite 70,Satu Mare
595,11th Floor,Wonju
596,20th Floor,
597,PO Box 90215,Istanbul
598,1st Floor,Xi'an
599,PO Box 25085,Grand Forks
600,Apt 1960,Salem
601,1st Floor,Monterey
602,Room 12,
603,Room 1084,
604,PO Box 57053,Richmond
605,PO Box 45331,Ras Al Khaimah
606,Room 180,Puerto Boyacá
607,Room 1000,Rio Cuarto
608,Suite 55,Sasereme
609,19th Floor,Vopnafjörður
610,Apt 977,Laguna
611,PO Box 2501,Donnelly
612,Room 1500,Kandrian
613,Suite 26,Bratislava
614,Apt 1117,Wabag
615,11th Floor,Deer Lake
616,15th Floor,Allemagne
617,Room 405,Ziro
618,5th Floor,Quepos
619,Suite 76,Paris
620,Apt 285,Saumlaki-Yamdena Island
621,Apt 1555,Portoroz
622,11th Floor,Sturgeon Bay
623,Suite 69,
624,14th Floor,Bujumbura
625,Room 1961,Elfin Cove
626,Apt 1965,Salisbury
627,Room 1759,Le Touquet-Paris-Plage
628,PO Box 82416,Vadodara
629,10th Floor,Rørvik
630,Room 1644,Tonu
631,Suite 30,Creil
632,15th Floor,Allemagne
633,20th Floor,Babase Island
634,Room 1392,Yasouj
635,Apt 82,
636,Room 669,
637,Suite 8,Ouadda
638,2nd Floor,Ad Dammam
639,Suite 34,Einasleigh
640,Suite 81,Guantanamo Bay Naval Station
641,1st Floor,Tampa
642,PO Box 5676,
643,Apt 54,Monte Alegre
644,Suite 26,Cormeilles-en-Vexin
645,Suite 86,Huangyan
646,PO Box 35005,Bulolo
647,Suite 36,Limestone
648,Apt 1752,Idiofa
649,Room 201,Valledupar
650,Suite 95,"Hagåtña, Guam International Airport"
651,15th Floor,Ono-i-Lau
652,Room 386,Boghe
653,4th Floor,St Pierre
654,15th Floor,Yasawa Island
655,Suite 37,Missoula
656,20th Floor,Hartford
657,4th Floor,Blenheim
658,Apt 206,N'Djamena
659,Apt 1569,General Santos
660,Suite 64,Deer Harbor
661,Room 1315,Banda-Naira Island
662,PO Box 84755,Wuxi
663,PO Box 34425,Saltillo
664,Apt 53,Roanoke
665,Suite 59,Tanjung Manis
666,PO Box 55557,Morichal
667,Suite 87,Yakushima
668,Room 1796,Anápolis
669,Apt 105,Zaraza
670,Room 778,Indiana
671,Apt 966,Grand Cess
672,Apt 730,Fort Stockton
673,Apt 416,Middleton Island
674,PO Box 37895,Jilin
675,Suite 74,Milingimbi Island
676,Apt 1528,La Primavera
677,PO Box 13325,Tatau Island
678,PO Box 55247,Charleston
679,PO Box 59619,Elliot Lake
680,Suite 51,Excursion Inlet
681,Apt 673,Shimojishima
682,Apt 591,
683,10th Floor,Huvadhu Atoll
684,PO Box 38330,Wooster
685,Room 584,
686,6th Floor,Ayawasi-Papua Island
687,Apt 240,Libo County
688,PO Box 99356,Pietermaritzburg
689,PO Box 4081,Ufa
690,Apt 644,Astana
691,Room 1877,Ugashik
692,Suite 85,Malé
693,Suite 42,Magdeburg
694,Suite 66,Ishigaki
695,Room 120,Alor Island
696,PO Box 15576,Chachapoyas
697,Room 118,
698,Suite 90,Easton
699,15th Floor,Dorobisoro
700,1st Floor,Elkhart
701,Room 344,Simgok-dong
702,Room 658,Altenrhein
703,10th Floor,Upper Heyford
704,Suite 16,Tenerife Island
705,10th Floor,São Carlos
706,Apt 368,La Macarena
707,14th Floor,Umuarama
708,13th Floor,Essington
709,Suite 98,Gibraltar
710,Room 924,Teptep
711,17th Floor,Loreto
712,10th Floor,Nelson
713,13th Floor,Rawalakot
714,Room 402,Taitung City
715,Room 379,Gasmata Island
716,Suite 99,Bordeaux/Mérignac
717,Room 191,Niamey
718,Room 330,Mao
719,7th Floor,RCAF Station Saglek
720,Suite 89,York
721,Suite 95,Madera
722,Apt 1932,Pretoria
723,Room 784,Abuja
724,11th Floor,Fryeburg
725,Suite 78,Chile Chico
726,Room 1616,Na Thon (Ko Samui Island)
727,Room 966,Asaloyeh
728,7th Floor,Fort Lauderdale
729,PO Box 44873,Montego Bay
730,PO Box 34425,N'Gaoundéré
731,Room 772,Mountain View
732,Apt 1316,Lontras
733,Room 701,Asunción
734,Room 180,
735,Apt 201,
736,Apt 1485,Ardmore
737,Room 44,Onundarfjörður
738,Room 832,Miquelon
739,PO Box 91578,Tucson
740,13th Floor,Healy Lake
741,18th Floor,Cahokia/St Louis
742,PO Box 35243,Carmen de Patagones
743,Room 894,Crane
744,4th Floor,Cape Newenham
745,14th Floor,Eua Island
746,PO Box 90777,Wick
747,9th Floor,
748,Suite 32,
749,Apt 989,The Valley
750,Room 106,Gustavus
751,Suite 91,Namutoni
752,Room 76,Arcata/Eureka
753,Apt 793,Rigolet
754,6th Floor,Chichester
755,Suite 82,Querétaro
756,Suite 56,Gedaref
757,Apt 857,Asahikawa / Hokkaidō
758,10th Floor,Jiroft
759,10th Floor,
760,PO Box 13255,Comox
761,Room 1437,Nador
762,Apt 459,Amasya
763,Room 923,Tadmur
764,PO Box 33033,Nzagi
765,Room 1438,Beauvais/Tillé
766,Apt 808,Kitoi Bay
767,Room 452,
768,11th Floor,
769,Suite 38,Cotonou
770,Apt 1160,Waterford
771,Room 1498,Guaíra
772,Room 1224,Krasnoselkup
773,14th Floor,Hamilton
774,7th Floor,Ubrub-Papua Island
775,PO Box 88253,Sampit-Borneo Island
776,Apt 790,Hyderabad
777,Apt 91,Long Island
778,Suite 7,Frankfort
779,Suite 93,
780,Suite 75,Rotorua
781,Suite 20,Gazipaşa
782,15th Floor,Rota Island
783,Room 1032,Arona
784,PO Box 38533,Kinloss
785,PO Box 46833,Dayton
786,PO Box 20637,Port of Spain
787,PO Box 40271,Tanga
788,2nd Floor,Guiglo
789,Apt 1356,San Diego/El Cajon
790,Apt 716,Saurimo
791,PO Box 7737,Bratislava
792,Suite 32,Fort Albany
793,Room 264,Gordon
794,Suite 65,Salina
795,PO Box 22581,Makini
796,Room 857,Kaluga
797,Apt 809,Bozeman
798,Suite 65,Rockdale
799,Apt 1851,Genting
800,Room 929,White Mountain
801,3rd Floor,Meknes
802,PO Box 50872,Caen/Carpiquet
803,PO Box 55273,Deer Harbor
804,7th Floor,Mary's Harbour
805,PO Box 23488,Manteo
806,Apt 1123,Kimmirut
807,Apt 1276,Gorge Harbour
808,PO Box 36016,Arboletes
809,Room 249,Penong
810,9th Floor,Grenchen
811,Apt 251,Eugene
812,Room 400,
813,Apt 1094,Ittoqqortoormiit
814,Apt 1822,Bahawalpur
815,Room 864,Evansville
816,Room 1940,Gander
817,Suite 79,Linyi
818,Apt 828,Mariposa
819,PO Box 54021,Žilina
820,Room 974,
821,Suite 39,Cahors/Lalbenque
822,Suite 27,Ogoki Post
823,13th Floor,
824,13th Floor,Ewo
825,16th Floor,Cusco
826,PO Box 67363,Lleida
827,PO Box 47688,Gavião Peixoto
828,Room 324,Hagerstown
829,PO Box 82592,Morelia
830,8th Floor,
831,Suite 44,Ørsta
832,Apt 1411,Paris
833,Room 1248,Denison
834,Suite 81,Big Trout Lake
835,PO Box 82537,Exmouth
836,Suite 42,Gallup
837,Room 1123,Radom
838,Suite 82,Stephenville
839,Apt 288,Lilongwe
840,Suite 13,Bazhong
841,Suite 95,
842,Suite 75,Marion
843,PO Box 84746,Orange Walk
844,Suite 57,Morristown
845,Room 1870,Sibu
846,PO Box 45025,Churchill
847,Suite 37,Norddeich
848,Apt 261,
849,Room 1779,Épinal/Mirecourt
850,Room 1162,Al Thaurah
851,Apt 1172,Chehalis
852,PO Box 8655,Fort Pierce
853,Apt 1386,
854,Room 723,Spokane
855,Apt 400,Jamba
856,Apt 1323,Mexico City
857,PO Box 58824,Puvirnituq
858,2nd Floor,Udine
859,Suite 74,Harrismith
860,Suite 43,Lamezia Terme (CZ)
861,Suite 43,Kilaguni
862,PO Box 81360,Port Lincoln
863,Room 150,Tashigang
864,Apt 546,Jaén
865,Room 489,Motswari Private Game Reserve
866,Suite 9,Puerto Montt
867,Room 1860,Madras
868,Suite 96,Pascagoula
869,18th Floor,Sandane
870,PO Box 94652,Yam Island
871,PO Box 29858,Los Andes
872,Suite 80,Lubumbashi
873,PO Box 28064,White Plains
874,PO Box 41951,Vila do Maio
875,PO Box 7654,Uchiza
876,14th Floor,Asbury Park
877,Room 39,Chile Chico
878,Apt 748,Coldfoot
879,17th Floor,Quanzhou
880,PO Box 53036,Xuzhou
881,PO Box 15457,Lissadell Station
882,PO Box 37235,
883,7th Floor,Kangding
884,Apt 668,Cody
885,Apt 1760,Sepulot
886,Apt 939,Marcala
887,Apt 202,Essaouira
888,Room 851,Cienfuegos
889,Room 1655,Ulanqab
890,Room 115,Lokichoggio
891,18th Floor,Praia
892,Room 383,
893,PO Box 67109,San Luis Potosí
894,14th Floor,Hobbs
895,Room 17,Dover
896,PO Box 61866,La Ribera
897,Room 1306,La Grande Rivière
898,Apt 1198,Årø
899,3rd Floor,Tonopah
900,Suite 43,Qeshm
901,PO Box 18916,Galle
902,Room 1658,Great Bend
903,11th Floor,
904,Room 1789,Cabo Frio
905,Room 517,Lowai
906,PO Box 34906,Nantucket
907,PO Box 50490,Sarh
908,1st Floor,Cocos (Keeling) Islands
909,Apt 274,Samara
910,Room 232,Arapongas
911,Apt 1874,Rosella Plains
912,1st Floor,
913,Room 1249,Tolú
914,PO Box 56505,Lusanga
915,Suite 98,Paloemeu
916,PO Box 10006,Liwonde National Park
917,Apt 1725,Miami
918,5th Floor,Nyingchi
919,10th Floor,Kalskag
920,Room 283,Ta’if
921,3rd Floor,Les Sables-d'Olonne
922,Suite 88,Parauapebas
923,PO Box 27620,San Cristobal de las Casas
924,Suite 84,Reed City
925,10th Floor,
926,Apt 642,Fort-de-France
927,15th Floor,
928,11th Floor,Bear Creek
929,Apt 1115,Pamplona
930,Room 224,Arapahoe
931,PO Box 47893,Rosella Plains
932,Suite 64,Chios Island
933,5th Floor,Ghadames
934,Apt 1752,Kirkimbie
935,Suite 31,Carpentaria Downs
936,6th Floor,Fort Reliance
937,10th Floor,Prospect Creek
938,Room 525,Akieni
939,Apt 1801,Uliastai
940,9th Floor,Al-Bayda
941,Apt 1404,Akutan
942,Suite 36,Port Walter
943,Room 93,Mogi Mirim
944,Apt 1608,Sungai Penuh
945,PO Box 32517,Mbambanakira
946,Suite 65,Kokoda
947,13th Floor,Paphos
948,5th Floor,Torrington
949,Apt 939,Osaka
950,Room 1269,Dikson
951,Room 1573,Shelby
952,PO Box 98957,Juazeiro Do Norte
953,Suite 49,São Miguel Do Oeste
954,Room 1740,
955,Apt 1983,Hope
956,18th Floor,
957,Room 1442,Qishn
958,Suite 81,Santa Barbara
959,18th Floor,Arvidsjaur
960,20th Floor,Butterworth
961,Suite 39,La Tabatière
962,PO Box 59550,Santa Cruz del Quiche
963,Suite 78,Evenes
964,Apt 1293,Abou-Deïa
965,Suite 46,Manta
966,Suite 49,Sehulea
967,Suite 5,Sarakhs
968,Suite 25,Chetumal
969,PO Box 60802,Mönchengladbach
970,Suite 39,Pinedale
971,Suite 24,Earlton
972,Apt 1503,Meixian
973,PO Box 43224,Almería
974,PO Box 95155,Khuzdar
975,Room 555,Coronation
976,18th Floor,Anguganak
977,Suite 65,Telupid
978,Suite 69,Kaluga
979,PO Box 35876,Diyarbakir
980,PO Box 77377,Kano
981,Room 427,Balimo
982,16th Floor,Pointe Noire
983,12th Floor,Ulukhaktok
984,3rd Floor,Soalala
985,6th Floor,Sila Mission
986,Apt 732,Pelotas
987,Suite 73,Paragould
988,PO Box 43675,Aguaclara
989,Room 434,Katiu
990,Suite 69,Hatzfeldhaven
991,Apt 1736,
992,Room 207,Manchester
993,Apt 511,Fort Rucker/Ozark
994,Room 379,Gimli
995,Suite 31,Dunhuang
996,Apt 1478,
997,4th Floor,Bogalusa
998,10th Floor,Gbangbatok
999,Suite 50,Menyamya
1000,12th Floor,Minneapolis
