id_video_photo,url
1,http://dummyimage.com/116x100.png/5fa2dd/ffffff
2,http://dummyimage.com/174x100.png/dddddd/000000
3,http://dummyimage.com/240x100.png/cc0000/ffffff
4,http://dummyimage.com/236x100.png/5fa2dd/ffffff
5,http://dummyimage.com/219x100.png/5fa2dd/ffffff
6,http://dummyimage.com/244x100.png/ff4444/ffffff
7,http://dummyimage.com/129x100.png/5fa2dd/ffffff
8,http://dummyimage.com/230x100.png/5fa2dd/ffffff
9,http://dummyimage.com/142x100.png/ff4444/ffffff
10,http://dummyimage.com/218x100.png/dddddd/000000
11,http://dummyimage.com/216x100.png/cc0000/ffffff
12,http://dummyimage.com/161x100.png/5fa2dd/ffffff
13,http://dummyimage.com/209x100.png/cc0000/ffffff
14,http://dummyimage.com/114x100.png/ff4444/ffffff
15,http://dummyimage.com/116x100.png/dddddd/000000
16,http://dummyimage.com/207x100.png/ff4444/ffffff
17,http://dummyimage.com/214x100.png/dddddd/000000
18,http://dummyimage.com/136x100.png/dddddd/000000
19,http://dummyimage.com/237x100.png/5fa2dd/ffffff
20,http://dummyimage.com/157x100.png/dddddd/000000
21,http://dummyimage.com/196x100.png/ff4444/ffffff
22,http://dummyimage.com/217x100.png/ff4444/ffffff
23,http://dummyimage.com/156x100.png/5fa2dd/ffffff
24,http://dummyimage.com/157x100.png/dddddd/000000
25,http://dummyimage.com/110x100.png/ff4444/ffffff
26,http://dummyimage.com/214x100.png/5fa2dd/ffffff
27,http://dummyimage.com/207x100.png/cc0000/ffffff
28,http://dummyimage.com/191x100.png/cc0000/ffffff
29,http://dummyimage.com/232x100.png/cc0000/ffffff
30,http://dummyimage.com/154x100.png/dddddd/000000
31,http://dummyimage.com/102x100.png/cc0000/ffffff
32,http://dummyimage.com/165x100.png/cc0000/ffffff
33,http://dummyimage.com/223x100.png/ff4444/ffffff
34,http://dummyimage.com/111x100.png/cc0000/ffffff
35,http://dummyimage.com/214x100.png/dddddd/000000
36,http://dummyimage.com/174x100.png/cc0000/ffffff
37,http://dummyimage.com/162x100.png/5fa2dd/ffffff
38,http://dummyimage.com/232x100.png/dddddd/000000
39,http://dummyimage.com/106x100.png/5fa2dd/ffffff
40,http://dummyimage.com/244x100.png/ff4444/ffffff
41,http://dummyimage.com/137x100.png/5fa2dd/ffffff
42,http://dummyimage.com/113x100.png/ff4444/ffffff
43,http://dummyimage.com/192x100.png/cc0000/ffffff
44,http://dummyimage.com/131x100.png/ff4444/ffffff
45,http://dummyimage.com/217x100.png/ff4444/ffffff
46,http://dummyimage.com/217x100.png/5fa2dd/ffffff
47,http://dummyimage.com/138x100.png/ff4444/ffffff
48,http://dummyimage.com/111x100.png/cc0000/ffffff
49,http://dummyimage.com/179x100.png/ff4444/ffffff
50,http://dummyimage.com/199x100.png/cc0000/ffffff
51,http://dummyimage.com/105x100.png/dddddd/000000
52,http://dummyimage.com/204x100.png/cc0000/ffffff
53,http://dummyimage.com/208x100.png/cc0000/ffffff
54,http://dummyimage.com/106x100.png/ff4444/ffffff
55,http://dummyimage.com/110x100.png/5fa2dd/ffffff
56,http://dummyimage.com/204x100.png/5fa2dd/ffffff
57,http://dummyimage.com/151x100.png/cc0000/ffffff
58,http://dummyimage.com/217x100.png/5fa2dd/ffffff
59,http://dummyimage.com/168x100.png/cc0000/ffffff
60,http://dummyimage.com/171x100.png/dddddd/000000
61,http://dummyimage.com/221x100.png/cc0000/ffffff
62,http://dummyimage.com/138x100.png/5fa2dd/ffffff
63,http://dummyimage.com/244x100.png/cc0000/ffffff
64,http://dummyimage.com/221x100.png/ff4444/ffffff
65,http://dummyimage.com/185x100.png/cc0000/ffffff
66,http://dummyimage.com/129x100.png/5fa2dd/ffffff
67,http://dummyimage.com/230x100.png/cc0000/ffffff
68,http://dummyimage.com/134x100.png/5fa2dd/ffffff
69,http://dummyimage.com/122x100.png/5fa2dd/ffffff
70,http://dummyimage.com/180x100.png/5fa2dd/ffffff
71,http://dummyimage.com/248x100.png/cc0000/ffffff
72,http://dummyimage.com/158x100.png/cc0000/ffffff
73,http://dummyimage.com/120x100.png/dddddd/000000
74,http://dummyimage.com/118x100.png/ff4444/ffffff
75,http://dummyimage.com/165x100.png/5fa2dd/ffffff
76,http://dummyimage.com/194x100.png/dddddd/000000
77,http://dummyimage.com/167x100.png/ff4444/ffffff
78,http://dummyimage.com/230x100.png/dddddd/000000
79,http://dummyimage.com/208x100.png/ff4444/ffffff
80,http://dummyimage.com/108x100.png/ff4444/ffffff
81,http://dummyimage.com/204x100.png/dddddd/000000
82,http://dummyimage.com/233x100.png/ff4444/ffffff
83,http://dummyimage.com/130x100.png/dddddd/000000
84,http://dummyimage.com/207x100.png/cc0000/ffffff
85,http://dummyimage.com/241x100.png/dddddd/000000
86,http://dummyimage.com/160x100.png/5fa2dd/ffffff
87,http://dummyimage.com/131x100.png/5fa2dd/ffffff
88,http://dummyimage.com/107x100.png/dddddd/000000
89,http://dummyimage.com/241x100.png/cc0000/ffffff
90,http://dummyimage.com/156x100.png/5fa2dd/ffffff
91,http://dummyimage.com/187x100.png/5fa2dd/ffffff
92,http://dummyimage.com/140x100.png/ff4444/ffffff
93,http://dummyimage.com/132x100.png/5fa2dd/ffffff
94,http://dummyimage.com/228x100.png/ff4444/ffffff
95,http://dummyimage.com/172x100.png/5fa2dd/ffffff
96,http://dummyimage.com/222x100.png/cc0000/ffffff
97,http://dummyimage.com/217x100.png/ff4444/ffffff
98,http://dummyimage.com/169x100.png/ff4444/ffffff
99,http://dummyimage.com/184x100.png/ff4444/ffffff
100,http://dummyimage.com/168x100.png/dddddd/000000
101,http://dummyimage.com/103x100.png/5fa2dd/ffffff
102,http://dummyimage.com/246x100.png/cc0000/ffffff
103,http://dummyimage.com/201x100.png/cc0000/ffffff
104,http://dummyimage.com/152x100.png/5fa2dd/ffffff
105,http://dummyimage.com/130x100.png/cc0000/ffffff
106,http://dummyimage.com/214x100.png/ff4444/ffffff
107,http://dummyimage.com/194x100.png/dddddd/000000
108,http://dummyimage.com/158x100.png/cc0000/ffffff
109,http://dummyimage.com/100x100.png/cc0000/ffffff
110,http://dummyimage.com/163x100.png/cc0000/ffffff
111,http://dummyimage.com/158x100.png/ff4444/ffffff
112,http://dummyimage.com/151x100.png/ff4444/ffffff
113,http://dummyimage.com/152x100.png/cc0000/ffffff
114,http://dummyimage.com/219x100.png/ff4444/ffffff
115,http://dummyimage.com/160x100.png/5fa2dd/ffffff
116,http://dummyimage.com/112x100.png/ff4444/ffffff
117,http://dummyimage.com/133x100.png/dddddd/000000
118,http://dummyimage.com/242x100.png/ff4444/ffffff
119,http://dummyimage.com/187x100.png/ff4444/ffffff
120,http://dummyimage.com/181x100.png/5fa2dd/ffffff
121,http://dummyimage.com/185x100.png/cc0000/ffffff
122,http://dummyimage.com/250x100.png/5fa2dd/ffffff
123,http://dummyimage.com/191x100.png/cc0000/ffffff
124,http://dummyimage.com/150x100.png/5fa2dd/ffffff
125,http://dummyimage.com/160x100.png/5fa2dd/ffffff
126,http://dummyimage.com/136x100.png/ff4444/ffffff
127,http://dummyimage.com/183x100.png/5fa2dd/ffffff
128,http://dummyimage.com/150x100.png/5fa2dd/ffffff
129,http://dummyimage.com/122x100.png/dddddd/000000
130,http://dummyimage.com/136x100.png/5fa2dd/ffffff
131,http://dummyimage.com/162x100.png/ff4444/ffffff
132,http://dummyimage.com/135x100.png/dddddd/000000
133,http://dummyimage.com/197x100.png/ff4444/ffffff
134,http://dummyimage.com/135x100.png/dddddd/000000
135,http://dummyimage.com/237x100.png/dddddd/000000
136,http://dummyimage.com/206x100.png/cc0000/ffffff
137,http://dummyimage.com/204x100.png/5fa2dd/ffffff
138,http://dummyimage.com/242x100.png/ff4444/ffffff
139,http://dummyimage.com/106x100.png/cc0000/ffffff
140,http://dummyimage.com/163x100.png/5fa2dd/ffffff
141,http://dummyimage.com/215x100.png/5fa2dd/ffffff
142,http://dummyimage.com/191x100.png/5fa2dd/ffffff
143,http://dummyimage.com/111x100.png/ff4444/ffffff
144,http://dummyimage.com/118x100.png/ff4444/ffffff
145,http://dummyimage.com/105x100.png/cc0000/ffffff
146,http://dummyimage.com/222x100.png/dddddd/000000
147,http://dummyimage.com/205x100.png/dddddd/000000
148,http://dummyimage.com/128x100.png/dddddd/000000
149,http://dummyimage.com/182x100.png/cc0000/ffffff
150,http://dummyimage.com/186x100.png/dddddd/000000
151,http://dummyimage.com/149x100.png/ff4444/ffffff
152,http://dummyimage.com/152x100.png/ff4444/ffffff
153,http://dummyimage.com/125x100.png/ff4444/ffffff
154,http://dummyimage.com/206x100.png/cc0000/ffffff
155,http://dummyimage.com/127x100.png/cc0000/ffffff
156,http://dummyimage.com/119x100.png/5fa2dd/ffffff
157,http://dummyimage.com/128x100.png/cc0000/ffffff
158,http://dummyimage.com/239x100.png/cc0000/ffffff
159,http://dummyimage.com/142x100.png/cc0000/ffffff
160,http://dummyimage.com/108x100.png/cc0000/ffffff
161,http://dummyimage.com/128x100.png/cc0000/ffffff
162,http://dummyimage.com/125x100.png/cc0000/ffffff
163,http://dummyimage.com/245x100.png/5fa2dd/ffffff
164,http://dummyimage.com/186x100.png/cc0000/ffffff
165,http://dummyimage.com/160x100.png/dddddd/000000
166,http://dummyimage.com/202x100.png/dddddd/000000
167,http://dummyimage.com/215x100.png/cc0000/ffffff
168,http://dummyimage.com/169x100.png/ff4444/ffffff
169,http://dummyimage.com/237x100.png/dddddd/000000
170,http://dummyimage.com/173x100.png/cc0000/ffffff
171,http://dummyimage.com/161x100.png/ff4444/ffffff
172,http://dummyimage.com/245x100.png/ff4444/ffffff
173,http://dummyimage.com/100x100.png/dddddd/000000
174,http://dummyimage.com/216x100.png/dddddd/000000
175,http://dummyimage.com/167x100.png/ff4444/ffffff
176,http://dummyimage.com/119x100.png/dddddd/000000
177,http://dummyimage.com/103x100.png/cc0000/ffffff
178,http://dummyimage.com/137x100.png/ff4444/ffffff
179,http://dummyimage.com/130x100.png/dddddd/000000
180,http://dummyimage.com/232x100.png/cc0000/ffffff
181,http://dummyimage.com/184x100.png/5fa2dd/ffffff
182,http://dummyimage.com/131x100.png/ff4444/ffffff
183,http://dummyimage.com/131x100.png/5fa2dd/ffffff
184,http://dummyimage.com/243x100.png/dddddd/000000
185,http://dummyimage.com/223x100.png/5fa2dd/ffffff
186,http://dummyimage.com/246x100.png/dddddd/000000
187,http://dummyimage.com/201x100.png/5fa2dd/ffffff
188,http://dummyimage.com/235x100.png/dddddd/000000
189,http://dummyimage.com/195x100.png/5fa2dd/ffffff
190,http://dummyimage.com/130x100.png/5fa2dd/ffffff
191,http://dummyimage.com/218x100.png/dddddd/000000
192,http://dummyimage.com/202x100.png/ff4444/ffffff
193,http://dummyimage.com/128x100.png/cc0000/ffffff
194,http://dummyimage.com/179x100.png/5fa2dd/ffffff
195,http://dummyimage.com/173x100.png/ff4444/ffffff
196,http://dummyimage.com/207x100.png/dddddd/000000
197,http://dummyimage.com/199x100.png/5fa2dd/ffffff
198,http://dummyimage.com/103x100.png/5fa2dd/ffffff
199,http://dummyimage.com/191x100.png/5fa2dd/ffffff
200,http://dummyimage.com/214x100.png/ff4444/ffffff
201,http://dummyimage.com/205x100.png/5fa2dd/ffffff
202,http://dummyimage.com/121x100.png/ff4444/ffffff
203,http://dummyimage.com/194x100.png/ff4444/ffffff
204,http://dummyimage.com/169x100.png/ff4444/ffffff
205,http://dummyimage.com/194x100.png/dddddd/000000
206,http://dummyimage.com/119x100.png/cc0000/ffffff
207,http://dummyimage.com/111x100.png/5fa2dd/ffffff
208,http://dummyimage.com/194x100.png/dddddd/000000
209,http://dummyimage.com/137x100.png/cc0000/ffffff
210,http://dummyimage.com/102x100.png/cc0000/ffffff
211,http://dummyimage.com/106x100.png/ff4444/ffffff
212,http://dummyimage.com/117x100.png/5fa2dd/ffffff
213,http://dummyimage.com/183x100.png/cc0000/ffffff
214,http://dummyimage.com/195x100.png/ff4444/ffffff
215,http://dummyimage.com/236x100.png/cc0000/ffffff
216,http://dummyimage.com/200x100.png/cc0000/ffffff
217,http://dummyimage.com/113x100.png/dddddd/000000
218,http://dummyimage.com/250x100.png/ff4444/ffffff
219,http://dummyimage.com/195x100.png/dddddd/000000
220,http://dummyimage.com/240x100.png/dddddd/000000
221,http://dummyimage.com/249x100.png/cc0000/ffffff
222,http://dummyimage.com/189x100.png/cc0000/ffffff
223,http://dummyimage.com/187x100.png/ff4444/ffffff
224,http://dummyimage.com/249x100.png/dddddd/000000
225,http://dummyimage.com/191x100.png/5fa2dd/ffffff
226,http://dummyimage.com/213x100.png/dddddd/000000
227,http://dummyimage.com/231x100.png/ff4444/ffffff
228,http://dummyimage.com/199x100.png/ff4444/ffffff
229,http://dummyimage.com/188x100.png/cc0000/ffffff
230,http://dummyimage.com/243x100.png/5fa2dd/ffffff
231,http://dummyimage.com/175x100.png/ff4444/ffffff
232,http://dummyimage.com/168x100.png/ff4444/ffffff
233,http://dummyimage.com/208x100.png/dddddd/000000
234,http://dummyimage.com/171x100.png/dddddd/000000
235,http://dummyimage.com/144x100.png/5fa2dd/ffffff
236,http://dummyimage.com/198x100.png/dddddd/000000
237,http://dummyimage.com/171x100.png/cc0000/ffffff
238,http://dummyimage.com/246x100.png/ff4444/ffffff
239,http://dummyimage.com/160x100.png/cc0000/ffffff
240,http://dummyimage.com/205x100.png/ff4444/ffffff
241,http://dummyimage.com/156x100.png/5fa2dd/ffffff
242,http://dummyimage.com/221x100.png/5fa2dd/ffffff
243,http://dummyimage.com/146x100.png/ff4444/ffffff
244,http://dummyimage.com/206x100.png/dddddd/000000
245,http://dummyimage.com/141x100.png/cc0000/ffffff
246,http://dummyimage.com/220x100.png/dddddd/000000
247,http://dummyimage.com/130x100.png/5fa2dd/ffffff
248,http://dummyimage.com/134x100.png/cc0000/ffffff
249,http://dummyimage.com/153x100.png/ff4444/ffffff
250,http://dummyimage.com/139x100.png/dddddd/000000
251,http://dummyimage.com/157x100.png/ff4444/ffffff
252,http://dummyimage.com/243x100.png/5fa2dd/ffffff
253,http://dummyimage.com/238x100.png/dddddd/000000
254,http://dummyimage.com/150x100.png/5fa2dd/ffffff
255,http://dummyimage.com/162x100.png/5fa2dd/ffffff
256,http://dummyimage.com/127x100.png/dddddd/000000
257,http://dummyimage.com/178x100.png/ff4444/ffffff
258,http://dummyimage.com/133x100.png/cc0000/ffffff
259,http://dummyimage.com/149x100.png/5fa2dd/ffffff
260,http://dummyimage.com/130x100.png/5fa2dd/ffffff
261,http://dummyimage.com/120x100.png/dddddd/000000
262,http://dummyimage.com/157x100.png/cc0000/ffffff
263,http://dummyimage.com/113x100.png/cc0000/ffffff
264,http://dummyimage.com/227x100.png/cc0000/ffffff
265,http://dummyimage.com/174x100.png/cc0000/ffffff
266,http://dummyimage.com/240x100.png/5fa2dd/ffffff
267,http://dummyimage.com/199x100.png/cc0000/ffffff
268,http://dummyimage.com/180x100.png/dddddd/000000
269,http://dummyimage.com/225x100.png/dddddd/000000
270,http://dummyimage.com/136x100.png/cc0000/ffffff
271,http://dummyimage.com/163x100.png/dddddd/000000
272,http://dummyimage.com/105x100.png/cc0000/ffffff
273,http://dummyimage.com/122x100.png/cc0000/ffffff
274,http://dummyimage.com/232x100.png/cc0000/ffffff
275,http://dummyimage.com/152x100.png/cc0000/ffffff
276,http://dummyimage.com/108x100.png/dddddd/000000
277,http://dummyimage.com/212x100.png/5fa2dd/ffffff
278,http://dummyimage.com/168x100.png/dddddd/000000
279,http://dummyimage.com/190x100.png/5fa2dd/ffffff
280,http://dummyimage.com/146x100.png/cc0000/ffffff
281,http://dummyimage.com/229x100.png/cc0000/ffffff
282,http://dummyimage.com/245x100.png/ff4444/ffffff
283,http://dummyimage.com/162x100.png/cc0000/ffffff
284,http://dummyimage.com/125x100.png/dddddd/000000
285,http://dummyimage.com/154x100.png/cc0000/ffffff
286,http://dummyimage.com/146x100.png/5fa2dd/ffffff
287,http://dummyimage.com/146x100.png/5fa2dd/ffffff
288,http://dummyimage.com/187x100.png/cc0000/ffffff
289,http://dummyimage.com/102x100.png/ff4444/ffffff
290,http://dummyimage.com/231x100.png/ff4444/ffffff
291,http://dummyimage.com/115x100.png/cc0000/ffffff
292,http://dummyimage.com/215x100.png/5fa2dd/ffffff
293,http://dummyimage.com/226x100.png/ff4444/ffffff
294,http://dummyimage.com/199x100.png/5fa2dd/ffffff
295,http://dummyimage.com/209x100.png/dddddd/000000
296,http://dummyimage.com/214x100.png/ff4444/ffffff
297,http://dummyimage.com/208x100.png/ff4444/ffffff
298,http://dummyimage.com/126x100.png/cc0000/ffffff
299,http://dummyimage.com/205x100.png/cc0000/ffffff
300,http://dummyimage.com/190x100.png/ff4444/ffffff
301,http://dummyimage.com/124x100.png/dddddd/000000
302,http://dummyimage.com/222x100.png/5fa2dd/ffffff
303,http://dummyimage.com/235x100.png/ff4444/ffffff
304,http://dummyimage.com/154x100.png/cc0000/ffffff
305,http://dummyimage.com/144x100.png/5fa2dd/ffffff
306,http://dummyimage.com/205x100.png/cc0000/ffffff
307,http://dummyimage.com/234x100.png/ff4444/ffffff
308,http://dummyimage.com/153x100.png/dddddd/000000
309,http://dummyimage.com/144x100.png/5fa2dd/ffffff
310,http://dummyimage.com/250x100.png/ff4444/ffffff
311,http://dummyimage.com/205x100.png/cc0000/ffffff
312,http://dummyimage.com/227x100.png/ff4444/ffffff
313,http://dummyimage.com/145x100.png/ff4444/ffffff
314,http://dummyimage.com/221x100.png/ff4444/ffffff
315,http://dummyimage.com/188x100.png/ff4444/ffffff
316,http://dummyimage.com/232x100.png/ff4444/ffffff
317,http://dummyimage.com/146x100.png/cc0000/ffffff
318,http://dummyimage.com/189x100.png/5fa2dd/ffffff
319,http://dummyimage.com/139x100.png/ff4444/ffffff
320,http://dummyimage.com/132x100.png/cc0000/ffffff
321,http://dummyimage.com/154x100.png/cc0000/ffffff
322,http://dummyimage.com/186x100.png/dddddd/000000
323,http://dummyimage.com/172x100.png/dddddd/000000
324,http://dummyimage.com/163x100.png/dddddd/000000
325,http://dummyimage.com/238x100.png/ff4444/ffffff
326,http://dummyimage.com/163x100.png/cc0000/ffffff
327,http://dummyimage.com/123x100.png/cc0000/ffffff
328,http://dummyimage.com/230x100.png/dddddd/000000
329,http://dummyimage.com/242x100.png/ff4444/ffffff
330,http://dummyimage.com/144x100.png/ff4444/ffffff
331,http://dummyimage.com/207x100.png/5fa2dd/ffffff
332,http://dummyimage.com/245x100.png/5fa2dd/ffffff
333,http://dummyimage.com/189x100.png/cc0000/ffffff
334,http://dummyimage.com/100x100.png/dddddd/000000
335,http://dummyimage.com/204x100.png/5fa2dd/ffffff
336,http://dummyimage.com/129x100.png/5fa2dd/ffffff
337,http://dummyimage.com/148x100.png/dddddd/000000
338,http://dummyimage.com/110x100.png/cc0000/ffffff
339,http://dummyimage.com/167x100.png/dddddd/000000
340,http://dummyimage.com/114x100.png/cc0000/ffffff
341,http://dummyimage.com/154x100.png/ff4444/ffffff
342,http://dummyimage.com/111x100.png/5fa2dd/ffffff
343,http://dummyimage.com/116x100.png/5fa2dd/ffffff
344,http://dummyimage.com/227x100.png/dddddd/000000
345,http://dummyimage.com/197x100.png/5fa2dd/ffffff
346,http://dummyimage.com/120x100.png/5fa2dd/ffffff
347,http://dummyimage.com/229x100.png/dddddd/000000
348,http://dummyimage.com/137x100.png/5fa2dd/ffffff
349,http://dummyimage.com/218x100.png/dddddd/000000
350,http://dummyimage.com/229x100.png/5fa2dd/ffffff
351,http://dummyimage.com/248x100.png/5fa2dd/ffffff
352,http://dummyimage.com/136x100.png/ff4444/ffffff
353,http://dummyimage.com/215x100.png/ff4444/ffffff
354,http://dummyimage.com/133x100.png/5fa2dd/ffffff
355,http://dummyimage.com/128x100.png/5fa2dd/ffffff
356,http://dummyimage.com/224x100.png/dddddd/000000
357,http://dummyimage.com/143x100.png/ff4444/ffffff
358,http://dummyimage.com/185x100.png/ff4444/ffffff
359,http://dummyimage.com/250x100.png/dddddd/000000
360,http://dummyimage.com/148x100.png/ff4444/ffffff
361,http://dummyimage.com/106x100.png/ff4444/ffffff
362,http://dummyimage.com/171x100.png/5fa2dd/ffffff
363,http://dummyimage.com/236x100.png/ff4444/ffffff
364,http://dummyimage.com/126x100.png/ff4444/ffffff
365,http://dummyimage.com/111x100.png/dddddd/000000
366,http://dummyimage.com/164x100.png/dddddd/000000
367,http://dummyimage.com/115x100.png/cc0000/ffffff
368,http://dummyimage.com/178x100.png/dddddd/000000
369,http://dummyimage.com/116x100.png/cc0000/ffffff
370,http://dummyimage.com/189x100.png/cc0000/ffffff
371,http://dummyimage.com/190x100.png/5fa2dd/ffffff
372,http://dummyimage.com/150x100.png/dddddd/000000
373,http://dummyimage.com/172x100.png/dddddd/000000
374,http://dummyimage.com/142x100.png/5fa2dd/ffffff
375,http://dummyimage.com/208x100.png/cc0000/ffffff
376,http://dummyimage.com/199x100.png/5fa2dd/ffffff
377,http://dummyimage.com/174x100.png/ff4444/ffffff
378,http://dummyimage.com/138x100.png/ff4444/ffffff
379,http://dummyimage.com/197x100.png/cc0000/ffffff
380,http://dummyimage.com/164x100.png/5fa2dd/ffffff
381,http://dummyimage.com/187x100.png/5fa2dd/ffffff
382,http://dummyimage.com/203x100.png/5fa2dd/ffffff
383,http://dummyimage.com/241x100.png/dddddd/000000
384,http://dummyimage.com/202x100.png/dddddd/000000
385,http://dummyimage.com/153x100.png/ff4444/ffffff
386,http://dummyimage.com/143x100.png/dddddd/000000
387,http://dummyimage.com/125x100.png/ff4444/ffffff
388,http://dummyimage.com/141x100.png/ff4444/ffffff
389,http://dummyimage.com/208x100.png/5fa2dd/ffffff
390,http://dummyimage.com/203x100.png/5fa2dd/ffffff
391,http://dummyimage.com/105x100.png/dddddd/000000
392,http://dummyimage.com/243x100.png/cc0000/ffffff
393,http://dummyimage.com/233x100.png/cc0000/ffffff
394,http://dummyimage.com/247x100.png/dddddd/000000
395,http://dummyimage.com/152x100.png/cc0000/ffffff
396,http://dummyimage.com/173x100.png/cc0000/ffffff
397,http://dummyimage.com/223x100.png/ff4444/ffffff
398,http://dummyimage.com/217x100.png/dddddd/000000
399,http://dummyimage.com/200x100.png/cc0000/ffffff
400,http://dummyimage.com/147x100.png/5fa2dd/ffffff
401,http://dummyimage.com/221x100.png/dddddd/000000
402,http://dummyimage.com/192x100.png/cc0000/ffffff
403,http://dummyimage.com/235x100.png/ff4444/ffffff
404,http://dummyimage.com/213x100.png/5fa2dd/ffffff
405,http://dummyimage.com/176x100.png/5fa2dd/ffffff
406,http://dummyimage.com/141x100.png/5fa2dd/ffffff
407,http://dummyimage.com/179x100.png/cc0000/ffffff
408,http://dummyimage.com/223x100.png/dddddd/000000
409,http://dummyimage.com/152x100.png/cc0000/ffffff
410,http://dummyimage.com/239x100.png/ff4444/ffffff
411,http://dummyimage.com/108x100.png/cc0000/ffffff
412,http://dummyimage.com/208x100.png/dddddd/000000
413,http://dummyimage.com/156x100.png/cc0000/ffffff
414,http://dummyimage.com/149x100.png/ff4444/ffffff
415,http://dummyimage.com/229x100.png/5fa2dd/ffffff
416,http://dummyimage.com/160x100.png/cc0000/ffffff
417,http://dummyimage.com/146x100.png/dddddd/000000
418,http://dummyimage.com/194x100.png/ff4444/ffffff
419,http://dummyimage.com/160x100.png/dddddd/000000
420,http://dummyimage.com/162x100.png/5fa2dd/ffffff
421,http://dummyimage.com/113x100.png/dddddd/000000
422,http://dummyimage.com/242x100.png/cc0000/ffffff
423,http://dummyimage.com/224x100.png/5fa2dd/ffffff
424,http://dummyimage.com/134x100.png/5fa2dd/ffffff
425,http://dummyimage.com/248x100.png/5fa2dd/ffffff
426,http://dummyimage.com/236x100.png/dddddd/000000
427,http://dummyimage.com/213x100.png/5fa2dd/ffffff
428,http://dummyimage.com/149x100.png/5fa2dd/ffffff
429,http://dummyimage.com/227x100.png/ff4444/ffffff
430,http://dummyimage.com/206x100.png/5fa2dd/ffffff
431,http://dummyimage.com/181x100.png/5fa2dd/ffffff
432,http://dummyimage.com/168x100.png/cc0000/ffffff
433,http://dummyimage.com/176x100.png/ff4444/ffffff
434,http://dummyimage.com/205x100.png/5fa2dd/ffffff
435,http://dummyimage.com/186x100.png/ff4444/ffffff
436,http://dummyimage.com/193x100.png/ff4444/ffffff
437,http://dummyimage.com/187x100.png/cc0000/ffffff
438,http://dummyimage.com/198x100.png/dddddd/000000
439,http://dummyimage.com/186x100.png/ff4444/ffffff
440,http://dummyimage.com/151x100.png/cc0000/ffffff
441,http://dummyimage.com/104x100.png/dddddd/000000
442,http://dummyimage.com/208x100.png/dddddd/000000
443,http://dummyimage.com/175x100.png/ff4444/ffffff
444,http://dummyimage.com/234x100.png/ff4444/ffffff
445,http://dummyimage.com/209x100.png/5fa2dd/ffffff
446,http://dummyimage.com/109x100.png/5fa2dd/ffffff
447,http://dummyimage.com/203x100.png/5fa2dd/ffffff
448,http://dummyimage.com/140x100.png/5fa2dd/ffffff
449,http://dummyimage.com/157x100.png/dddddd/000000
450,http://dummyimage.com/154x100.png/dddddd/000000
451,http://dummyimage.com/171x100.png/cc0000/ffffff
452,http://dummyimage.com/123x100.png/5fa2dd/ffffff
453,http://dummyimage.com/164x100.png/cc0000/ffffff
454,http://dummyimage.com/219x100.png/dddddd/000000
455,http://dummyimage.com/172x100.png/ff4444/ffffff
456,http://dummyimage.com/162x100.png/dddddd/000000
457,http://dummyimage.com/113x100.png/cc0000/ffffff
458,http://dummyimage.com/212x100.png/dddddd/000000
459,http://dummyimage.com/116x100.png/cc0000/ffffff
460,http://dummyimage.com/115x100.png/cc0000/ffffff
461,http://dummyimage.com/198x100.png/dddddd/000000
462,http://dummyimage.com/109x100.png/5fa2dd/ffffff
463,http://dummyimage.com/228x100.png/5fa2dd/ffffff
464,http://dummyimage.com/101x100.png/cc0000/ffffff
465,http://dummyimage.com/113x100.png/5fa2dd/ffffff
466,http://dummyimage.com/198x100.png/cc0000/ffffff
467,http://dummyimage.com/208x100.png/cc0000/ffffff
468,http://dummyimage.com/113x100.png/5fa2dd/ffffff
469,http://dummyimage.com/116x100.png/ff4444/ffffff
470,http://dummyimage.com/100x100.png/cc0000/ffffff
471,http://dummyimage.com/229x100.png/ff4444/ffffff
472,http://dummyimage.com/123x100.png/cc0000/ffffff
473,http://dummyimage.com/199x100.png/ff4444/ffffff
474,http://dummyimage.com/117x100.png/dddddd/000000
475,http://dummyimage.com/140x100.png/cc0000/ffffff
476,http://dummyimage.com/192x100.png/5fa2dd/ffffff
477,http://dummyimage.com/248x100.png/dddddd/000000
478,http://dummyimage.com/188x100.png/cc0000/ffffff
479,http://dummyimage.com/100x100.png/ff4444/ffffff
480,http://dummyimage.com/149x100.png/ff4444/ffffff
481,http://dummyimage.com/173x100.png/5fa2dd/ffffff
482,http://dummyimage.com/101x100.png/dddddd/000000
483,http://dummyimage.com/247x100.png/ff4444/ffffff
484,http://dummyimage.com/243x100.png/cc0000/ffffff
485,http://dummyimage.com/134x100.png/ff4444/ffffff
486,http://dummyimage.com/163x100.png/dddddd/000000
487,http://dummyimage.com/188x100.png/dddddd/000000
488,http://dummyimage.com/201x100.png/5fa2dd/ffffff
489,http://dummyimage.com/136x100.png/cc0000/ffffff
490,http://dummyimage.com/225x100.png/dddddd/000000
491,http://dummyimage.com/145x100.png/ff4444/ffffff
492,http://dummyimage.com/220x100.png/ff4444/ffffff
493,http://dummyimage.com/122x100.png/ff4444/ffffff
494,http://dummyimage.com/169x100.png/5fa2dd/ffffff
495,http://dummyimage.com/161x100.png/ff4444/ffffff
496,http://dummyimage.com/205x100.png/5fa2dd/ffffff
497,http://dummyimage.com/121x100.png/5fa2dd/ffffff
498,http://dummyimage.com/104x100.png/5fa2dd/ffffff
499,http://dummyimage.com/112x100.png/cc0000/ffffff
500,http://dummyimage.com/133x100.png/ff4444/ffffff
501,http://dummyimage.com/246x100.png/dddddd/000000
502,http://dummyimage.com/223x100.png/5fa2dd/ffffff
503,http://dummyimage.com/249x100.png/5fa2dd/ffffff
504,http://dummyimage.com/212x100.png/5fa2dd/ffffff
505,http://dummyimage.com/138x100.png/dddddd/000000
506,http://dummyimage.com/242x100.png/5fa2dd/ffffff
507,http://dummyimage.com/218x100.png/dddddd/000000
508,http://dummyimage.com/248x100.png/5fa2dd/ffffff
509,http://dummyimage.com/144x100.png/5fa2dd/ffffff
510,http://dummyimage.com/133x100.png/ff4444/ffffff
511,http://dummyimage.com/152x100.png/ff4444/ffffff
512,http://dummyimage.com/246x100.png/cc0000/ffffff
513,http://dummyimage.com/217x100.png/ff4444/ffffff
514,http://dummyimage.com/125x100.png/5fa2dd/ffffff
515,http://dummyimage.com/129x100.png/dddddd/000000
516,http://dummyimage.com/110x100.png/ff4444/ffffff
517,http://dummyimage.com/108x100.png/dddddd/000000
518,http://dummyimage.com/145x100.png/cc0000/ffffff
519,http://dummyimage.com/105x100.png/dddddd/000000
520,http://dummyimage.com/250x100.png/5fa2dd/ffffff
521,http://dummyimage.com/228x100.png/5fa2dd/ffffff
522,http://dummyimage.com/250x100.png/5fa2dd/ffffff
523,http://dummyimage.com/159x100.png/ff4444/ffffff
524,http://dummyimage.com/240x100.png/ff4444/ffffff
525,http://dummyimage.com/131x100.png/ff4444/ffffff
526,http://dummyimage.com/197x100.png/ff4444/ffffff
527,http://dummyimage.com/134x100.png/5fa2dd/ffffff
528,http://dummyimage.com/119x100.png/dddddd/000000
529,http://dummyimage.com/218x100.png/ff4444/ffffff
530,http://dummyimage.com/144x100.png/dddddd/000000
531,http://dummyimage.com/145x100.png/5fa2dd/ffffff
532,http://dummyimage.com/145x100.png/5fa2dd/ffffff
533,http://dummyimage.com/187x100.png/5fa2dd/ffffff
534,http://dummyimage.com/242x100.png/ff4444/ffffff
535,http://dummyimage.com/248x100.png/dddddd/000000
536,http://dummyimage.com/160x100.png/dddddd/000000
537,http://dummyimage.com/147x100.png/dddddd/000000
538,http://dummyimage.com/135x100.png/5fa2dd/ffffff
539,http://dummyimage.com/228x100.png/cc0000/ffffff
540,http://dummyimage.com/139x100.png/cc0000/ffffff
541,http://dummyimage.com/171x100.png/cc0000/ffffff
542,http://dummyimage.com/169x100.png/cc0000/ffffff
543,http://dummyimage.com/133x100.png/ff4444/ffffff
544,http://dummyimage.com/130x100.png/5fa2dd/ffffff
545,http://dummyimage.com/166x100.png/5fa2dd/ffffff
546,http://dummyimage.com/118x100.png/5fa2dd/ffffff
547,http://dummyimage.com/198x100.png/cc0000/ffffff
548,http://dummyimage.com/242x100.png/5fa2dd/ffffff
549,http://dummyimage.com/198x100.png/cc0000/ffffff
550,http://dummyimage.com/190x100.png/dddddd/000000
551,http://dummyimage.com/179x100.png/ff4444/ffffff
552,http://dummyimage.com/132x100.png/5fa2dd/ffffff
553,http://dummyimage.com/154x100.png/5fa2dd/ffffff
554,http://dummyimage.com/214x100.png/dddddd/000000
555,http://dummyimage.com/123x100.png/cc0000/ffffff
556,http://dummyimage.com/153x100.png/dddddd/000000
557,http://dummyimage.com/160x100.png/dddddd/000000
558,http://dummyimage.com/147x100.png/dddddd/000000
559,http://dummyimage.com/103x100.png/ff4444/ffffff
560,http://dummyimage.com/207x100.png/cc0000/ffffff
561,http://dummyimage.com/145x100.png/5fa2dd/ffffff
562,http://dummyimage.com/245x100.png/dddddd/000000
563,http://dummyimage.com/195x100.png/dddddd/000000
564,http://dummyimage.com/169x100.png/dddddd/000000
565,http://dummyimage.com/131x100.png/cc0000/ffffff
566,http://dummyimage.com/191x100.png/dddddd/000000
567,http://dummyimage.com/127x100.png/cc0000/ffffff
568,http://dummyimage.com/173x100.png/cc0000/ffffff
569,http://dummyimage.com/216x100.png/5fa2dd/ffffff
570,http://dummyimage.com/183x100.png/5fa2dd/ffffff
571,http://dummyimage.com/241x100.png/cc0000/ffffff
572,http://dummyimage.com/132x100.png/cc0000/ffffff
573,http://dummyimage.com/232x100.png/dddddd/000000
574,http://dummyimage.com/203x100.png/dddddd/000000
575,http://dummyimage.com/227x100.png/5fa2dd/ffffff
576,http://dummyimage.com/174x100.png/dddddd/000000
577,http://dummyimage.com/152x100.png/ff4444/ffffff
578,http://dummyimage.com/101x100.png/dddddd/000000
579,http://dummyimage.com/186x100.png/cc0000/ffffff
580,http://dummyimage.com/139x100.png/cc0000/ffffff
581,http://dummyimage.com/130x100.png/cc0000/ffffff
582,http://dummyimage.com/213x100.png/cc0000/ffffff
583,http://dummyimage.com/228x100.png/5fa2dd/ffffff
584,http://dummyimage.com/121x100.png/cc0000/ffffff
585,http://dummyimage.com/241x100.png/dddddd/000000
586,http://dummyimage.com/191x100.png/ff4444/ffffff
587,http://dummyimage.com/227x100.png/dddddd/000000
588,http://dummyimage.com/157x100.png/5fa2dd/ffffff
589,http://dummyimage.com/223x100.png/cc0000/ffffff
590,http://dummyimage.com/160x100.png/dddddd/000000
591,http://dummyimage.com/155x100.png/ff4444/ffffff
592,http://dummyimage.com/220x100.png/ff4444/ffffff
593,http://dummyimage.com/192x100.png/5fa2dd/ffffff
594,http://dummyimage.com/232x100.png/cc0000/ffffff
595,http://dummyimage.com/211x100.png/5fa2dd/ffffff
596,http://dummyimage.com/205x100.png/ff4444/ffffff
597,http://dummyimage.com/122x100.png/ff4444/ffffff
598,http://dummyimage.com/236x100.png/cc0000/ffffff
599,http://dummyimage.com/224x100.png/5fa2dd/ffffff
600,http://dummyimage.com/101x100.png/cc0000/ffffff
601,http://dummyimage.com/151x100.png/ff4444/ffffff
602,http://dummyimage.com/164x100.png/dddddd/000000
603,http://dummyimage.com/215x100.png/dddddd/000000
604,http://dummyimage.com/241x100.png/cc0000/ffffff
605,http://dummyimage.com/243x100.png/5fa2dd/ffffff
606,http://dummyimage.com/119x100.png/5fa2dd/ffffff
607,http://dummyimage.com/191x100.png/ff4444/ffffff
608,http://dummyimage.com/180x100.png/cc0000/ffffff
609,http://dummyimage.com/190x100.png/ff4444/ffffff
610,http://dummyimage.com/185x100.png/ff4444/ffffff
611,http://dummyimage.com/241x100.png/ff4444/ffffff
612,http://dummyimage.com/205x100.png/ff4444/ffffff
613,http://dummyimage.com/163x100.png/5fa2dd/ffffff
614,http://dummyimage.com/218x100.png/5fa2dd/ffffff
615,http://dummyimage.com/235x100.png/ff4444/ffffff
616,http://dummyimage.com/109x100.png/cc0000/ffffff
617,http://dummyimage.com/102x100.png/dddddd/000000
618,http://dummyimage.com/214x100.png/ff4444/ffffff
619,http://dummyimage.com/183x100.png/ff4444/ffffff
620,http://dummyimage.com/250x100.png/cc0000/ffffff
621,http://dummyimage.com/172x100.png/dddddd/000000
622,http://dummyimage.com/152x100.png/dddddd/000000
623,http://dummyimage.com/162x100.png/dddddd/000000
624,http://dummyimage.com/151x100.png/dddddd/000000
625,http://dummyimage.com/203x100.png/5fa2dd/ffffff
626,http://dummyimage.com/229x100.png/cc0000/ffffff
627,http://dummyimage.com/136x100.png/ff4444/ffffff
628,http://dummyimage.com/188x100.png/cc0000/ffffff
629,http://dummyimage.com/105x100.png/5fa2dd/ffffff
630,http://dummyimage.com/106x100.png/cc0000/ffffff
631,http://dummyimage.com/169x100.png/ff4444/ffffff
632,http://dummyimage.com/118x100.png/dddddd/000000
633,http://dummyimage.com/149x100.png/ff4444/ffffff
634,http://dummyimage.com/225x100.png/cc0000/ffffff
635,http://dummyimage.com/121x100.png/dddddd/000000
636,http://dummyimage.com/240x100.png/dddddd/000000
637,http://dummyimage.com/114x100.png/dddddd/000000
638,http://dummyimage.com/214x100.png/5fa2dd/ffffff
639,http://dummyimage.com/231x100.png/cc0000/ffffff
640,http://dummyimage.com/179x100.png/ff4444/ffffff
641,http://dummyimage.com/119x100.png/dddddd/000000
642,http://dummyimage.com/100x100.png/dddddd/000000
643,http://dummyimage.com/186x100.png/ff4444/ffffff
644,http://dummyimage.com/143x100.png/ff4444/ffffff
645,http://dummyimage.com/208x100.png/5fa2dd/ffffff
646,http://dummyimage.com/168x100.png/dddddd/000000
647,http://dummyimage.com/149x100.png/cc0000/ffffff
648,http://dummyimage.com/211x100.png/cc0000/ffffff
649,http://dummyimage.com/245x100.png/cc0000/ffffff
650,http://dummyimage.com/150x100.png/5fa2dd/ffffff
651,http://dummyimage.com/215x100.png/5fa2dd/ffffff
652,http://dummyimage.com/200x100.png/cc0000/ffffff
653,http://dummyimage.com/209x100.png/dddddd/000000
654,http://dummyimage.com/147x100.png/cc0000/ffffff
655,http://dummyimage.com/117x100.png/dddddd/000000
656,http://dummyimage.com/137x100.png/ff4444/ffffff
657,http://dummyimage.com/228x100.png/ff4444/ffffff
658,http://dummyimage.com/123x100.png/cc0000/ffffff
659,http://dummyimage.com/111x100.png/ff4444/ffffff
660,http://dummyimage.com/186x100.png/ff4444/ffffff
661,http://dummyimage.com/123x100.png/cc0000/ffffff
662,http://dummyimage.com/216x100.png/dddddd/000000
663,http://dummyimage.com/232x100.png/cc0000/ffffff
664,http://dummyimage.com/193x100.png/cc0000/ffffff
665,http://dummyimage.com/197x100.png/dddddd/000000
666,http://dummyimage.com/137x100.png/dddddd/000000
667,http://dummyimage.com/245x100.png/5fa2dd/ffffff
668,http://dummyimage.com/243x100.png/cc0000/ffffff
669,http://dummyimage.com/248x100.png/cc0000/ffffff
670,http://dummyimage.com/103x100.png/ff4444/ffffff
671,http://dummyimage.com/103x100.png/dddddd/000000
672,http://dummyimage.com/176x100.png/cc0000/ffffff
673,http://dummyimage.com/108x100.png/ff4444/ffffff
674,http://dummyimage.com/107x100.png/dddddd/000000
675,http://dummyimage.com/127x100.png/cc0000/ffffff
676,http://dummyimage.com/141x100.png/5fa2dd/ffffff
677,http://dummyimage.com/158x100.png/cc0000/ffffff
678,http://dummyimage.com/220x100.png/5fa2dd/ffffff
679,http://dummyimage.com/234x100.png/cc0000/ffffff
680,http://dummyimage.com/112x100.png/ff4444/ffffff
681,http://dummyimage.com/143x100.png/dddddd/000000
682,http://dummyimage.com/223x100.png/ff4444/ffffff
683,http://dummyimage.com/182x100.png/5fa2dd/ffffff
684,http://dummyimage.com/216x100.png/5fa2dd/ffffff
685,http://dummyimage.com/232x100.png/dddddd/000000
686,http://dummyimage.com/226x100.png/5fa2dd/ffffff
687,http://dummyimage.com/189x100.png/cc0000/ffffff
688,http://dummyimage.com/115x100.png/ff4444/ffffff
689,http://dummyimage.com/105x100.png/ff4444/ffffff
690,http://dummyimage.com/201x100.png/ff4444/ffffff
691,http://dummyimage.com/200x100.png/cc0000/ffffff
692,http://dummyimage.com/205x100.png/cc0000/ffffff
693,http://dummyimage.com/125x100.png/dddddd/000000
694,http://dummyimage.com/165x100.png/ff4444/ffffff
695,http://dummyimage.com/110x100.png/5fa2dd/ffffff
696,http://dummyimage.com/197x100.png/ff4444/ffffff
697,http://dummyimage.com/181x100.png/5fa2dd/ffffff
698,http://dummyimage.com/172x100.png/ff4444/ffffff
699,http://dummyimage.com/244x100.png/5fa2dd/ffffff
700,http://dummyimage.com/128x100.png/ff4444/ffffff
701,http://dummyimage.com/189x100.png/ff4444/ffffff
702,http://dummyimage.com/221x100.png/ff4444/ffffff
703,http://dummyimage.com/228x100.png/cc0000/ffffff
704,http://dummyimage.com/219x100.png/cc0000/ffffff
705,http://dummyimage.com/223x100.png/5fa2dd/ffffff
706,http://dummyimage.com/187x100.png/ff4444/ffffff
707,http://dummyimage.com/133x100.png/5fa2dd/ffffff
708,http://dummyimage.com/108x100.png/cc0000/ffffff
709,http://dummyimage.com/193x100.png/5fa2dd/ffffff
710,http://dummyimage.com/228x100.png/ff4444/ffffff
711,http://dummyimage.com/119x100.png/5fa2dd/ffffff
712,http://dummyimage.com/211x100.png/5fa2dd/ffffff
713,http://dummyimage.com/232x100.png/dddddd/000000
714,http://dummyimage.com/180x100.png/5fa2dd/ffffff
715,http://dummyimage.com/137x100.png/dddddd/000000
716,http://dummyimage.com/150x100.png/5fa2dd/ffffff
717,http://dummyimage.com/193x100.png/cc0000/ffffff
718,http://dummyimage.com/229x100.png/cc0000/ffffff
719,http://dummyimage.com/145x100.png/cc0000/ffffff
720,http://dummyimage.com/188x100.png/5fa2dd/ffffff
721,http://dummyimage.com/140x100.png/5fa2dd/ffffff
722,http://dummyimage.com/176x100.png/dddddd/000000
723,http://dummyimage.com/121x100.png/ff4444/ffffff
724,http://dummyimage.com/199x100.png/ff4444/ffffff
725,http://dummyimage.com/139x100.png/5fa2dd/ffffff
726,http://dummyimage.com/115x100.png/dddddd/000000
727,http://dummyimage.com/212x100.png/cc0000/ffffff
728,http://dummyimage.com/247x100.png/dddddd/000000
729,http://dummyimage.com/201x100.png/ff4444/ffffff
730,http://dummyimage.com/219x100.png/cc0000/ffffff
731,http://dummyimage.com/112x100.png/dddddd/000000
732,http://dummyimage.com/206x100.png/ff4444/ffffff
733,http://dummyimage.com/186x100.png/ff4444/ffffff
734,http://dummyimage.com/167x100.png/cc0000/ffffff
735,http://dummyimage.com/158x100.png/dddddd/000000
736,http://dummyimage.com/121x100.png/cc0000/ffffff
737,http://dummyimage.com/162x100.png/cc0000/ffffff
738,http://dummyimage.com/155x100.png/cc0000/ffffff
739,http://dummyimage.com/160x100.png/cc0000/ffffff
740,http://dummyimage.com/172x100.png/ff4444/ffffff
741,http://dummyimage.com/192x100.png/ff4444/ffffff
742,http://dummyimage.com/125x100.png/dddddd/000000
743,http://dummyimage.com/205x100.png/dddddd/000000
744,http://dummyimage.com/104x100.png/ff4444/ffffff
745,http://dummyimage.com/168x100.png/dddddd/000000
746,http://dummyimage.com/179x100.png/5fa2dd/ffffff
747,http://dummyimage.com/194x100.png/dddddd/000000
748,http://dummyimage.com/170x100.png/ff4444/ffffff
749,http://dummyimage.com/195x100.png/5fa2dd/ffffff
750,http://dummyimage.com/227x100.png/cc0000/ffffff
751,http://dummyimage.com/146x100.png/5fa2dd/ffffff
752,http://dummyimage.com/111x100.png/ff4444/ffffff
753,http://dummyimage.com/114x100.png/5fa2dd/ffffff
754,http://dummyimage.com/125x100.png/cc0000/ffffff
755,http://dummyimage.com/220x100.png/cc0000/ffffff
756,http://dummyimage.com/112x100.png/ff4444/ffffff
757,http://dummyimage.com/217x100.png/ff4444/ffffff
758,http://dummyimage.com/109x100.png/5fa2dd/ffffff
759,http://dummyimage.com/159x100.png/ff4444/ffffff
760,http://dummyimage.com/190x100.png/5fa2dd/ffffff
761,http://dummyimage.com/116x100.png/ff4444/ffffff
762,http://dummyimage.com/126x100.png/5fa2dd/ffffff
763,http://dummyimage.com/208x100.png/5fa2dd/ffffff
764,http://dummyimage.com/178x100.png/ff4444/ffffff
765,http://dummyimage.com/243x100.png/5fa2dd/ffffff
766,http://dummyimage.com/136x100.png/5fa2dd/ffffff
767,http://dummyimage.com/139x100.png/dddddd/000000
768,http://dummyimage.com/194x100.png/ff4444/ffffff
769,http://dummyimage.com/123x100.png/5fa2dd/ffffff
770,http://dummyimage.com/142x100.png/5fa2dd/ffffff
771,http://dummyimage.com/150x100.png/5fa2dd/ffffff
772,http://dummyimage.com/205x100.png/ff4444/ffffff
773,http://dummyimage.com/142x100.png/dddddd/000000
774,http://dummyimage.com/123x100.png/ff4444/ffffff
775,http://dummyimage.com/144x100.png/ff4444/ffffff
776,http://dummyimage.com/200x100.png/dddddd/000000
777,http://dummyimage.com/234x100.png/cc0000/ffffff
778,http://dummyimage.com/138x100.png/cc0000/ffffff
779,http://dummyimage.com/245x100.png/ff4444/ffffff
780,http://dummyimage.com/210x100.png/dddddd/000000
781,http://dummyimage.com/241x100.png/dddddd/000000
782,http://dummyimage.com/131x100.png/dddddd/000000
783,http://dummyimage.com/112x100.png/5fa2dd/ffffff
784,http://dummyimage.com/249x100.png/dddddd/000000
785,http://dummyimage.com/110x100.png/ff4444/ffffff
786,http://dummyimage.com/177x100.png/ff4444/ffffff
787,http://dummyimage.com/141x100.png/cc0000/ffffff
788,http://dummyimage.com/196x100.png/5fa2dd/ffffff
789,http://dummyimage.com/149x100.png/5fa2dd/ffffff
790,http://dummyimage.com/246x100.png/cc0000/ffffff
791,http://dummyimage.com/185x100.png/dddddd/000000
792,http://dummyimage.com/207x100.png/ff4444/ffffff
793,http://dummyimage.com/159x100.png/cc0000/ffffff
794,http://dummyimage.com/124x100.png/ff4444/ffffff
795,http://dummyimage.com/137x100.png/ff4444/ffffff
796,http://dummyimage.com/214x100.png/dddddd/000000
797,http://dummyimage.com/204x100.png/dddddd/000000
798,http://dummyimage.com/192x100.png/5fa2dd/ffffff
799,http://dummyimage.com/104x100.png/ff4444/ffffff
800,http://dummyimage.com/159x100.png/5fa2dd/ffffff
801,http://dummyimage.com/224x100.png/cc0000/ffffff
802,http://dummyimage.com/242x100.png/5fa2dd/ffffff
803,http://dummyimage.com/214x100.png/5fa2dd/ffffff
804,http://dummyimage.com/175x100.png/cc0000/ffffff
805,http://dummyimage.com/192x100.png/dddddd/000000
806,http://dummyimage.com/147x100.png/dddddd/000000
807,http://dummyimage.com/102x100.png/cc0000/ffffff
808,http://dummyimage.com/123x100.png/5fa2dd/ffffff
809,http://dummyimage.com/233x100.png/5fa2dd/ffffff
810,http://dummyimage.com/249x100.png/dddddd/000000
811,http://dummyimage.com/103x100.png/dddddd/000000
812,http://dummyimage.com/153x100.png/5fa2dd/ffffff
813,http://dummyimage.com/117x100.png/ff4444/ffffff
814,http://dummyimage.com/236x100.png/dddddd/000000
815,http://dummyimage.com/149x100.png/dddddd/000000
816,http://dummyimage.com/137x100.png/cc0000/ffffff
817,http://dummyimage.com/124x100.png/5fa2dd/ffffff
818,http://dummyimage.com/198x100.png/5fa2dd/ffffff
819,http://dummyimage.com/195x100.png/dddddd/000000
820,http://dummyimage.com/162x100.png/cc0000/ffffff
821,http://dummyimage.com/114x100.png/ff4444/ffffff
822,http://dummyimage.com/136x100.png/dddddd/000000
823,http://dummyimage.com/185x100.png/5fa2dd/ffffff
824,http://dummyimage.com/109x100.png/cc0000/ffffff
825,http://dummyimage.com/207x100.png/dddddd/000000
826,http://dummyimage.com/214x100.png/5fa2dd/ffffff
827,http://dummyimage.com/188x100.png/5fa2dd/ffffff
828,http://dummyimage.com/211x100.png/ff4444/ffffff
829,http://dummyimage.com/125x100.png/dddddd/000000
830,http://dummyimage.com/151x100.png/cc0000/ffffff
831,http://dummyimage.com/154x100.png/dddddd/000000
832,http://dummyimage.com/190x100.png/dddddd/000000
833,http://dummyimage.com/214x100.png/5fa2dd/ffffff
834,http://dummyimage.com/103x100.png/5fa2dd/ffffff
835,http://dummyimage.com/110x100.png/cc0000/ffffff
836,http://dummyimage.com/102x100.png/dddddd/000000
837,http://dummyimage.com/212x100.png/dddddd/000000
838,http://dummyimage.com/142x100.png/ff4444/ffffff
839,http://dummyimage.com/176x100.png/5fa2dd/ffffff
840,http://dummyimage.com/102x100.png/5fa2dd/ffffff
841,http://dummyimage.com/184x100.png/dddddd/000000
842,http://dummyimage.com/190x100.png/5fa2dd/ffffff
843,http://dummyimage.com/185x100.png/ff4444/ffffff
844,http://dummyimage.com/196x100.png/cc0000/ffffff
845,http://dummyimage.com/242x100.png/5fa2dd/ffffff
846,http://dummyimage.com/149x100.png/dddddd/000000
847,http://dummyimage.com/122x100.png/ff4444/ffffff
848,http://dummyimage.com/151x100.png/dddddd/000000
849,http://dummyimage.com/166x100.png/ff4444/ffffff
850,http://dummyimage.com/119x100.png/ff4444/ffffff
851,http://dummyimage.com/230x100.png/dddddd/000000
852,http://dummyimage.com/177x100.png/dddddd/000000
853,http://dummyimage.com/101x100.png/5fa2dd/ffffff
854,http://dummyimage.com/244x100.png/dddddd/000000
855,http://dummyimage.com/169x100.png/cc0000/ffffff
856,http://dummyimage.com/150x100.png/cc0000/ffffff
857,http://dummyimage.com/155x100.png/dddddd/000000
858,http://dummyimage.com/244x100.png/dddddd/000000
859,http://dummyimage.com/104x100.png/5fa2dd/ffffff
860,http://dummyimage.com/233x100.png/dddddd/000000
861,http://dummyimage.com/150x100.png/cc0000/ffffff
862,http://dummyimage.com/175x100.png/cc0000/ffffff
863,http://dummyimage.com/100x100.png/5fa2dd/ffffff
864,http://dummyimage.com/141x100.png/5fa2dd/ffffff
865,http://dummyimage.com/240x100.png/5fa2dd/ffffff
866,http://dummyimage.com/136x100.png/cc0000/ffffff
867,http://dummyimage.com/211x100.png/cc0000/ffffff
868,http://dummyimage.com/221x100.png/5fa2dd/ffffff
869,http://dummyimage.com/153x100.png/cc0000/ffffff
870,http://dummyimage.com/124x100.png/5fa2dd/ffffff
871,http://dummyimage.com/169x100.png/dddddd/000000
872,http://dummyimage.com/146x100.png/dddddd/000000
873,http://dummyimage.com/217x100.png/dddddd/000000
874,http://dummyimage.com/207x100.png/ff4444/ffffff
875,http://dummyimage.com/211x100.png/dddddd/000000
876,http://dummyimage.com/246x100.png/ff4444/ffffff
877,http://dummyimage.com/215x100.png/ff4444/ffffff
878,http://dummyimage.com/223x100.png/5fa2dd/ffffff
879,http://dummyimage.com/232x100.png/dddddd/000000
880,http://dummyimage.com/248x100.png/cc0000/ffffff
881,http://dummyimage.com/207x100.png/dddddd/000000
882,http://dummyimage.com/203x100.png/dddddd/000000
883,http://dummyimage.com/230x100.png/dddddd/000000
884,http://dummyimage.com/236x100.png/5fa2dd/ffffff
885,http://dummyimage.com/100x100.png/dddddd/000000
886,http://dummyimage.com/118x100.png/ff4444/ffffff
887,http://dummyimage.com/181x100.png/dddddd/000000
888,http://dummyimage.com/119x100.png/5fa2dd/ffffff
889,http://dummyimage.com/109x100.png/cc0000/ffffff
890,http://dummyimage.com/194x100.png/cc0000/ffffff
891,http://dummyimage.com/183x100.png/5fa2dd/ffffff
892,http://dummyimage.com/123x100.png/dddddd/000000
893,http://dummyimage.com/203x100.png/ff4444/ffffff
894,http://dummyimage.com/246x100.png/dddddd/000000
895,http://dummyimage.com/202x100.png/dddddd/000000
896,http://dummyimage.com/126x100.png/5fa2dd/ffffff
897,http://dummyimage.com/170x100.png/ff4444/ffffff
898,http://dummyimage.com/200x100.png/ff4444/ffffff
899,http://dummyimage.com/204x100.png/5fa2dd/ffffff
900,http://dummyimage.com/238x100.png/dddddd/000000
901,http://dummyimage.com/167x100.png/ff4444/ffffff
902,http://dummyimage.com/145x100.png/dddddd/000000
903,http://dummyimage.com/195x100.png/5fa2dd/ffffff
904,http://dummyimage.com/129x100.png/5fa2dd/ffffff
905,http://dummyimage.com/141x100.png/5fa2dd/ffffff
906,http://dummyimage.com/126x100.png/ff4444/ffffff
907,http://dummyimage.com/166x100.png/ff4444/ffffff
908,http://dummyimage.com/210x100.png/ff4444/ffffff
909,http://dummyimage.com/235x100.png/dddddd/000000
910,http://dummyimage.com/190x100.png/5fa2dd/ffffff
911,http://dummyimage.com/224x100.png/5fa2dd/ffffff
912,http://dummyimage.com/164x100.png/5fa2dd/ffffff
913,http://dummyimage.com/178x100.png/dddddd/000000
914,http://dummyimage.com/222x100.png/ff4444/ffffff
915,http://dummyimage.com/157x100.png/cc0000/ffffff
916,http://dummyimage.com/227x100.png/cc0000/ffffff
917,http://dummyimage.com/158x100.png/dddddd/000000
918,http://dummyimage.com/216x100.png/cc0000/ffffff
919,http://dummyimage.com/161x100.png/ff4444/ffffff
920,http://dummyimage.com/117x100.png/cc0000/ffffff
921,http://dummyimage.com/128x100.png/dddddd/000000
922,http://dummyimage.com/245x100.png/ff4444/ffffff
923,http://dummyimage.com/197x100.png/cc0000/ffffff
924,http://dummyimage.com/142x100.png/5fa2dd/ffffff
925,http://dummyimage.com/246x100.png/cc0000/ffffff
926,http://dummyimage.com/175x100.png/ff4444/ffffff
927,http://dummyimage.com/167x100.png/5fa2dd/ffffff
928,http://dummyimage.com/149x100.png/dddddd/000000
929,http://dummyimage.com/182x100.png/ff4444/ffffff
930,http://dummyimage.com/129x100.png/cc0000/ffffff
931,http://dummyimage.com/119x100.png/dddddd/000000
932,http://dummyimage.com/113x100.png/ff4444/ffffff
933,http://dummyimage.com/210x100.png/dddddd/000000
934,http://dummyimage.com/223x100.png/ff4444/ffffff
935,http://dummyimage.com/165x100.png/dddddd/000000
936,http://dummyimage.com/140x100.png/cc0000/ffffff
937,http://dummyimage.com/100x100.png/cc0000/ffffff
938,http://dummyimage.com/177x100.png/ff4444/ffffff
939,http://dummyimage.com/143x100.png/ff4444/ffffff
940,http://dummyimage.com/220x100.png/cc0000/ffffff
941,http://dummyimage.com/113x100.png/dddddd/000000
942,http://dummyimage.com/240x100.png/cc0000/ffffff
943,http://dummyimage.com/214x100.png/5fa2dd/ffffff
944,http://dummyimage.com/212x100.png/cc0000/ffffff
945,http://dummyimage.com/219x100.png/dddddd/000000
946,http://dummyimage.com/244x100.png/cc0000/ffffff
947,http://dummyimage.com/234x100.png/5fa2dd/ffffff
948,http://dummyimage.com/122x100.png/dddddd/000000
949,http://dummyimage.com/119x100.png/cc0000/ffffff
950,http://dummyimage.com/197x100.png/5fa2dd/ffffff
951,http://dummyimage.com/118x100.png/cc0000/ffffff
952,http://dummyimage.com/116x100.png/cc0000/ffffff
953,http://dummyimage.com/242x100.png/ff4444/ffffff
954,http://dummyimage.com/210x100.png/ff4444/ffffff
955,http://dummyimage.com/134x100.png/cc0000/ffffff
956,http://dummyimage.com/196x100.png/dddddd/000000
957,http://dummyimage.com/187x100.png/5fa2dd/ffffff
958,http://dummyimage.com/200x100.png/dddddd/000000
959,http://dummyimage.com/242x100.png/cc0000/ffffff
960,http://dummyimage.com/234x100.png/5fa2dd/ffffff
961,http://dummyimage.com/170x100.png/cc0000/ffffff
962,http://dummyimage.com/198x100.png/5fa2dd/ffffff
963,http://dummyimage.com/136x100.png/ff4444/ffffff
964,http://dummyimage.com/164x100.png/ff4444/ffffff
965,http://dummyimage.com/229x100.png/dddddd/000000
966,http://dummyimage.com/196x100.png/ff4444/ffffff
967,http://dummyimage.com/135x100.png/cc0000/ffffff
968,http://dummyimage.com/201x100.png/cc0000/ffffff
969,http://dummyimage.com/212x100.png/5fa2dd/ffffff
970,http://dummyimage.com/113x100.png/5fa2dd/ffffff
971,http://dummyimage.com/183x100.png/dddddd/000000
972,http://dummyimage.com/160x100.png/dddddd/000000
973,http://dummyimage.com/163x100.png/cc0000/ffffff
974,http://dummyimage.com/127x100.png/5fa2dd/ffffff
975,http://dummyimage.com/129x100.png/cc0000/ffffff
976,http://dummyimage.com/100x100.png/cc0000/ffffff
977,http://dummyimage.com/242x100.png/5fa2dd/ffffff
978,http://dummyimage.com/205x100.png/cc0000/ffffff
979,http://dummyimage.com/130x100.png/5fa2dd/ffffff
980,http://dummyimage.com/178x100.png/dddddd/000000
981,http://dummyimage.com/171x100.png/5fa2dd/ffffff
982,http://dummyimage.com/249x100.png/5fa2dd/ffffff
983,http://dummyimage.com/226x100.png/cc0000/ffffff
984,http://dummyimage.com/125x100.png/ff4444/ffffff
985,http://dummyimage.com/242x100.png/dddddd/000000
986,http://dummyimage.com/143x100.png/5fa2dd/ffffff
987,http://dummyimage.com/174x100.png/dddddd/000000
988,http://dummyimage.com/135x100.png/5fa2dd/ffffff
989,http://dummyimage.com/124x100.png/cc0000/ffffff
990,http://dummyimage.com/124x100.png/ff4444/ffffff
991,http://dummyimage.com/190x100.png/cc0000/ffffff
992,http://dummyimage.com/111x100.png/cc0000/ffffff
993,http://dummyimage.com/158x100.png/cc0000/ffffff
994,http://dummyimage.com/218x100.png/ff4444/ffffff
995,http://dummyimage.com/199x100.png/dddddd/000000
996,http://dummyimage.com/164x100.png/5fa2dd/ffffff
997,http://dummyimage.com/114x100.png/dddddd/000000
998,http://dummyimage.com/103x100.png/ff4444/ffffff
999,http://dummyimage.com/192x100.png/cc0000/ffffff
1000,http://dummyimage.com/185x100.png/ff4444/ffffff
